<AgateResources Version="0.3.0">
  <StringTable />
  <BitmapFont name="Prociono-14" image="fonts/Prociono-14.png">
    <Metrics>
      <Glyph char="32" source="{X=1,Y=2,Width=5,Height=23}" />
      <Glyph char="33" source="{X=8,Y=2,Width=5,Height=23}" />
      <Glyph char="34" source="{X=15,Y=2,Width=7,Height=23}" />
      <Glyph char="35" source="{X=24,Y=2,Width=9,Height=23}" />
      <Glyph char="36" source="{X=35,Y=2,Width=9,Height=23}" />
      <Glyph char="37" source="{X=46,Y=2,Width=13,Height=23}" />
      <Glyph char="38" source="{X=61,Y=2,Width=15,Height=23}" />
      <Glyph char="39" source="{X=78,Y=2,Width=4,Height=23}" />
      <Glyph char="40" source="{X=84,Y=2,Width=6,Height=23}" />
      <Glyph char="41" source="{X=92,Y=2,Width=6,Height=23}" />
      <Glyph char="42" source="{X=100,Y=2,Width=10,Height=23}" />
      <Glyph char="43" source="{X=112,Y=2,Width=9,Height=23}" />
      <Glyph char="44" source="{X=123,Y=2,Width=5,Height=23}" />
      <Glyph char="45" source="{X=130,Y=2,Width=5,Height=23}" />
      <Glyph char="46" source="{X=137,Y=2,Width=5,Height=23}" />
      <Glyph char="47" source="{X=144,Y=2,Width=9,Height=23}" />
      <Glyph char="48" source="{X=155,Y=2,Width=9,Height=23}" />
      <Glyph char="49" source="{X=166,Y=2,Width=9,Height=23}" />
      <Glyph char="50" source="{X=177,Y=2,Width=9,Height=23}" />
      <Glyph char="51" source="{X=188,Y=2,Width=9,Height=23}" />
      <Glyph char="52" source="{X=199,Y=2,Width=9,Height=23}" />
      <Glyph char="53" source="{X=210,Y=2,Width=9,Height=23}" />
      <Glyph char="54" source="{X=221,Y=2,Width=9,Height=23}" />
      <Glyph char="55" source="{X=232,Y=2,Width=9,Height=23}" />
      <Glyph char="56" source="{X=243,Y=2,Width=9,Height=23}" />
      <Glyph char="57" source="{X=1,Y=28,Width=9,Height=23}" />
      <Glyph char="58" source="{X=12,Y=28,Width=5,Height=23}" />
      <Glyph char="59" source="{X=19,Y=28,Width=5,Height=23}" />
      <Glyph char="60" source="{X=26,Y=28,Width=9,Height=23}" />
      <Glyph char="61" source="{X=37,Y=28,Width=9,Height=23}" />
      <Glyph char="62" source="{X=48,Y=28,Width=9,Height=23}" />
      <Glyph char="63" source="{X=59,Y=28,Width=8,Height=23}" />
      <Glyph char="64" source="{X=69,Y=28,Width=17,Height=23}" />
      <Glyph char="65" source="{X=88,Y=28,Width=14,Height=23}" />
      <Glyph char="66" source="{X=104,Y=28,Width=12,Height=23}" />
      <Glyph char="67" source="{X=118,Y=28,Width=13,Height=23}" />
      <Glyph char="68" source="{X=133,Y=28,Width=15,Height=23}" />
      <Glyph char="69" source="{X=150,Y=28,Width=12,Height=23}" />
      <Glyph char="70" source="{X=164,Y=28,Width=11,Height=23}" />
      <Glyph char="71" source="{X=177,Y=28,Width=14,Height=23}" />
      <Glyph char="72" source="{X=193,Y=28,Width=16,Height=23}" />
      <Glyph char="73" source="{X=211,Y=28,Width=6,Height=23}" />
      <Glyph char="74" source="{X=219,Y=28,Width=6,Height=23}" />
      <Glyph char="75" source="{X=227,Y=28,Width=13,Height=23}" />
      <Glyph char="76" source="{X=242,Y=28,Width=11,Height=23}" />
      <Glyph char="77" source="{X=1,Y=54,Width=18,Height=23}" />
      <Glyph char="78" source="{X=21,Y=54,Width=15,Height=23}" />
      <Glyph char="79" source="{X=38,Y=54,Width=14,Height=23}" />
      <Glyph char="80" source="{X=54,Y=54,Width=12,Height=23}" />
      <Glyph char="81" source="{X=68,Y=54,Width=14,Height=23}" />
      <Glyph char="82" source="{X=84,Y=54,Width=13,Height=23}" />
      <Glyph char="83" source="{X=99,Y=54,Width=10,Height=23}" />
      <Glyph char="84" source="{X=111,Y=54,Width=12,Height=23}" />
      <Glyph char="85" source="{X=125,Y=54,Width=14,Height=23}" />
      <Glyph char="86" source="{X=141,Y=54,Width=14,Height=23}" />
      <Glyph char="87" source="{X=157,Y=54,Width=19,Height=23}" />
      <Glyph char="88" source="{X=178,Y=54,Width=12,Height=23}" />
      <Glyph char="89" source="{X=192,Y=54,Width=12,Height=23}" />
      <Glyph char="90" source="{X=206,Y=54,Width=13,Height=23}" />
      <Glyph char="91" source="{X=221,Y=54,Width=6,Height=23}" />
      <Glyph char="92" source="{X=229,Y=54,Width=9,Height=23}" />
      <Glyph char="93" source="{X=240,Y=54,Width=6,Height=23}" />
      <Glyph char="94" source="{X=1,Y=80,Width=9,Height=23}" />
      <Glyph char="95" source="{X=12,Y=80,Width=9,Height=23}" />
      <Glyph char="97" source="{X=23,Y=80,Width=9,Height=23}" />
      <Glyph char="98" source="{X=34,Y=80,Width=10,Height=23}" />
      <Glyph char="99" source="{X=46,Y=80,Width=8,Height=23}" />
      <Glyph char="100" source="{X=56,Y=80,Width=10,Height=23}" />
      <Glyph char="101" source="{X=68,Y=80,Width=9,Height=23}" />
      <Glyph char="102" source="{X=79,Y=80,Width=8,Height=23}" />
      <Glyph char="103" source="{X=89,Y=80,Width=9,Height=23}" />
      <Glyph char="104" source="{X=100,Y=80,Width=11,Height=23}" />
      <Glyph char="105" source="{X=113,Y=80,Width=5,Height=23}" />
      <Glyph char="106" source="{X=120,Y=80,Width=5,Height=23}" />
      <Glyph char="107" source="{X=127,Y=80,Width=11,Height=23}" />
      <Glyph char="108" source="{X=140,Y=80,Width=5,Height=23}" />
      <Glyph char="109" source="{X=147,Y=80,Width=16,Height=23}" />
      <Glyph char="110" source="{X=165,Y=80,Width=11,Height=23}" />
      <Glyph char="111" source="{X=178,Y=80,Width=10,Height=23}" />
      <Glyph char="112" source="{X=190,Y=80,Width=11,Height=23}" />
      <Glyph char="113" source="{X=203,Y=80,Width=10,Height=23}" />
      <Glyph char="114" source="{X=215,Y=80,Width=8,Height=23}" />
      <Glyph char="115" source="{X=225,Y=80,Width=7,Height=23}" />
      <Glyph char="116" source="{X=234,Y=80,Width=6,Height=23}" />
      <Glyph char="117" source="{X=242,Y=80,Width=11,Height=23}" />
      <Glyph char="118" source="{X=1,Y=106,Width=9,Height=23}" />
      <Glyph char="119" source="{X=12,Y=106,Width=15,Height=23}" />
      <Glyph char="120" source="{X=29,Y=106,Width=9,Height=23}" />
      <Glyph char="121" source="{X=40,Y=106,Width=9,Height=23}" />
      <Glyph char="122" source="{X=51,Y=106,Width=10,Height=23}" />
      <Glyph char="123" source="{X=63,Y=106,Width=7,Height=23}" />
      <Glyph char="124" source="{X=72,Y=106,Width=5,Height=23}" />
      <Glyph char="125" source="{X=79,Y=106,Width=7,Height=23}" />
      <Glyph char="126" source="{X=88,Y=106,Width=9,Height=23}" />
      <Glyph char="161" source="{X=99,Y=106,Width=5,Height=23}" />
      <Glyph char="162" source="{X=106,Y=106,Width=9,Height=23}" />
      <Glyph char="163" source="{X=117,Y=106,Width=9,Height=23}" />
      <Glyph char="164" source="{X=128,Y=106,Width=9,Height=23}" />
      <Glyph char="165" source="{X=139,Y=106,Width=9,Height=23}" />
      <Glyph char="166" source="{X=150,Y=106,Width=5,Height=23}" />
      <Glyph char="167" source="{X=157,Y=106,Width=9,Height=23}" />
      <Glyph char="169" source="{X=168,Y=106,Width=15,Height=23}" />
      <Glyph char="170" source="{X=185,Y=106,Width=6,Height=23}" />
      <Glyph char="171" source="{X=193,Y=106,Width=10,Height=23}" />
      <Glyph char="172" source="{X=205,Y=106,Width=10,Height=23}" />
      <Glyph char="173" source="{X=217,Y=106,Width=5,Height=23}" />
      <Glyph char="174" source="{X=224,Y=106,Width=12,Height=23}" />
      <Glyph char="176" source="{X=238,Y=106,Width=6,Height=23}" />
      <Glyph char="177" source="{X=246,Y=106,Width=9,Height=23}" />
      <Glyph char="178" source="{X=1,Y=132,Width=6,Height=23}" />
      <Glyph char="179" source="{X=9,Y=132,Width=6,Height=23}" />
      <Glyph char="181" source="{X=17,Y=132,Width=9,Height=23}" />
      <Glyph char="182" source="{X=28,Y=132,Width=9,Height=23}" />
      <Glyph char="183" source="{X=39,Y=132,Width=5,Height=23}" />
      <Glyph char="184" source="{X=46,Y=132,Width=9,Height=23}" />
      <Glyph char="185" source="{X=57,Y=132,Width=6,Height=23}" />
      <Glyph char="186" source="{X=65,Y=132,Width=7,Height=23}" />
      <Glyph char="187" source="{X=74,Y=132,Width=10,Height=23}" />
      <Glyph char="188" source="{X=86,Y=132,Width=14,Height=23}" />
      <Glyph char="189" source="{X=102,Y=132,Width=14,Height=23}" />
      <Glyph char="190" source="{X=118,Y=132,Width=14,Height=23}" />
      <Glyph char="191" source="{X=134,Y=132,Width=8,Height=23}" />
      <Glyph char="192" source="{X=144,Y=132,Width=14,Height=23}" />
      <Glyph char="193" source="{X=160,Y=132,Width=14,Height=23}" />
      <Glyph char="194" source="{X=176,Y=132,Width=14,Height=23}" />
      <Glyph char="195" source="{X=192,Y=132,Width=14,Height=23}" />
      <Glyph char="196" source="{X=208,Y=132,Width=14,Height=23}" />
      <Glyph char="197" source="{X=224,Y=132,Width=14,Height=23}" />
      <Glyph char="198" source="{X=1,Y=158,Width=20,Height=23}" />
      <Glyph char="199" source="{X=23,Y=158,Width=14,Height=23}" />
      <Glyph char="200" source="{X=39,Y=158,Width=12,Height=23}" />
      <Glyph char="201" source="{X=53,Y=158,Width=12,Height=23}" />
      <Glyph char="202" source="{X=67,Y=158,Width=12,Height=23}" />
      <Glyph char="203" source="{X=81,Y=158,Width=12,Height=23}" />
      <Glyph char="204" source="{X=95,Y=158,Width=6,Height=23}" />
      <Glyph char="205" source="{X=103,Y=158,Width=6,Height=23}" />
      <Glyph char="206" source="{X=111,Y=158,Width=6,Height=23}" />
      <Glyph char="207" source="{X=119,Y=158,Width=6,Height=23}" />
      <Glyph char="208" source="{X=127,Y=158,Width=12,Height=23}" />
      <Glyph char="209" source="{X=141,Y=158,Width=15,Height=23}" />
      <Glyph char="210" source="{X=158,Y=158,Width=14,Height=23}" />
      <Glyph char="211" source="{X=174,Y=158,Width=14,Height=23}" />
      <Glyph char="212" source="{X=190,Y=158,Width=14,Height=23}" />
      <Glyph char="213" source="{X=206,Y=158,Width=14,Height=23}" />
      <Glyph char="214" source="{X=222,Y=158,Width=14,Height=23}" />
      <Glyph char="215" source="{X=238,Y=158,Width=10,Height=23}" />
      <Glyph char="216" source="{X=1,Y=184,Width=14,Height=23}" />
      <Glyph char="217" source="{X=17,Y=184,Width=14,Height=23}" />
      <Glyph char="218" source="{X=33,Y=184,Width=14,Height=23}" />
      <Glyph char="219" source="{X=49,Y=184,Width=14,Height=23}" />
      <Glyph char="220" source="{X=65,Y=184,Width=14,Height=23}" />
      <Glyph char="221" source="{X=81,Y=184,Width=12,Height=23}" />
      <Glyph char="222" source="{X=95,Y=184,Width=11,Height=23}" />
      <Glyph char="223" source="{X=108,Y=184,Width=11,Height=23}" />
      <Glyph char="224" source="{X=121,Y=184,Width=9,Height=23}" />
      <Glyph char="225" source="{X=132,Y=184,Width=9,Height=23}" />
      <Glyph char="226" source="{X=143,Y=184,Width=9,Height=23}" />
      <Glyph char="227" source="{X=154,Y=184,Width=9,Height=23}" />
      <Glyph char="228" source="{X=165,Y=184,Width=9,Height=23}" />
      <Glyph char="229" source="{X=176,Y=184,Width=9,Height=23}" />
      <Glyph char="230" source="{X=187,Y=184,Width=14,Height=23}" />
      <Glyph char="231" source="{X=203,Y=184,Width=8,Height=23}" />
      <Glyph char="232" source="{X=213,Y=184,Width=9,Height=23}" />
      <Glyph char="233" source="{X=224,Y=184,Width=9,Height=23}" />
      <Glyph char="234" source="{X=235,Y=184,Width=9,Height=23}" />
      <Glyph char="235" source="{X=246,Y=184,Width=9,Height=23}" />
      <Glyph char="236" source="{X=1,Y=210,Width=5,Height=23}" />
      <Glyph char="237" source="{X=8,Y=210,Width=5,Height=23}" />
      <Glyph char="238" source="{X=15,Y=210,Width=5,Height=23}" />
      <Glyph char="239" source="{X=22,Y=210,Width=5,Height=23}" />
      <Glyph char="240" source="{X=29,Y=210,Width=9,Height=23}" />
      <Glyph char="241" source="{X=40,Y=210,Width=11,Height=23}" />
      <Glyph char="242" source="{X=53,Y=210,Width=10,Height=23}" />
      <Glyph char="243" source="{X=65,Y=210,Width=10,Height=23}" />
      <Glyph char="244" source="{X=77,Y=210,Width=10,Height=23}" />
      <Glyph char="245" source="{X=89,Y=210,Width=10,Height=23}" />
      <Glyph char="246" source="{X=101,Y=210,Width=10,Height=23}" />
      <Glyph char="247" source="{X=113,Y=210,Width=10,Height=23}" />
      <Glyph char="248" source="{X=125,Y=210,Width=10,Height=23}" />
      <Glyph char="249" source="{X=137,Y=210,Width=11,Height=23}" />
      <Glyph char="250" source="{X=150,Y=210,Width=11,Height=23}" />
      <Glyph char="251" source="{X=163,Y=210,Width=11,Height=23}" />
      <Glyph char="252" source="{X=176,Y=210,Width=11,Height=23}" />
      <Glyph char="253" source="{X=189,Y=210,Width=9,Height=23}" />
      <Glyph char="254" source="{X=200,Y=210,Width=9,Height=23}" />
      <Glyph char="255" source="{X=211,Y=210,Width=9,Height=23}" />
    </Metrics>
  </BitmapFont>
  <BitmapFont name="Prociono-11" image="fonts/Prociono-11.png">
    <Metrics>
      <Glyph char="32" source="{X=1,Y=2,Width=4,Height=18}" />
      <Glyph char="33" source="{X=7,Y=2,Width=4,Height=18}" />
      <Glyph char="34" source="{X=13,Y=2,Width=6,Height=18}" />
      <Glyph char="35" source="{X=21,Y=2,Width=7,Height=18}" />
      <Glyph char="36" source="{X=30,Y=2,Width=7,Height=18}" />
      <Glyph char="37" source="{X=39,Y=2,Width=10,Height=18}" />
      <Glyph char="38" source="{X=51,Y=2,Width=12,Height=18}" />
      <Glyph char="39" source="{X=65,Y=2,Width=3,Height=18}" />
      <Glyph char="40" source="{X=70,Y=2,Width=5,Height=18}" />
      <Glyph char="41" source="{X=77,Y=2,Width=5,Height=18}" />
      <Glyph char="42" source="{X=84,Y=2,Width=8,Height=18}" />
      <Glyph char="43" source="{X=94,Y=2,Width=7,Height=18}" />
      <Glyph char="44" source="{X=103,Y=2,Width=4,Height=18}" />
      <Glyph char="45" source="{X=109,Y=2,Width=4,Height=18}" />
      <Glyph char="46" source="{X=115,Y=2,Width=4,Height=18}" />
      <Glyph char="47" source="{X=121,Y=2,Width=7,Height=18}" />
      <Glyph char="48" source="{X=130,Y=2,Width=7,Height=18}" />
      <Glyph char="49" source="{X=139,Y=2,Width=7,Height=18}" />
      <Glyph char="50" source="{X=148,Y=2,Width=7,Height=18}" />
      <Glyph char="51" source="{X=157,Y=2,Width=7,Height=18}" />
      <Glyph char="52" source="{X=166,Y=2,Width=7,Height=18}" />
      <Glyph char="53" source="{X=175,Y=2,Width=7,Height=18}" />
      <Glyph char="54" source="{X=184,Y=2,Width=7,Height=18}" />
      <Glyph char="55" source="{X=193,Y=2,Width=7,Height=18}" />
      <Glyph char="56" source="{X=202,Y=2,Width=7,Height=18}" />
      <Glyph char="57" source="{X=211,Y=2,Width=7,Height=18}" />
      <Glyph char="58" source="{X=220,Y=2,Width=4,Height=18}" />
      <Glyph char="59" source="{X=226,Y=2,Width=4,Height=18}" />
      <Glyph char="60" source="{X=232,Y=2,Width=7,Height=18}" />
      <Glyph char="61" source="{X=241,Y=2,Width=7,Height=18}" />
      <Glyph char="62" source="{X=1,Y=23,Width=7,Height=18}" />
      <Glyph char="63" source="{X=10,Y=23,Width=7,Height=18}" />
      <Glyph char="64" source="{X=19,Y=23,Width=14,Height=18}" />
      <Glyph char="65" source="{X=35,Y=23,Width=11,Height=18}" />
      <Glyph char="66" source="{X=48,Y=23,Width=10,Height=18}" />
      <Glyph char="67" source="{X=60,Y=23,Width=10,Height=18}" />
      <Glyph char="68" source="{X=72,Y=23,Width=12,Height=18}" />
      <Glyph char="69" source="{X=86,Y=23,Width=10,Height=18}" />
      <Glyph char="70" source="{X=98,Y=23,Width=8,Height=18}" />
      <Glyph char="71" source="{X=108,Y=23,Width=11,Height=18}" />
      <Glyph char="72" source="{X=121,Y=23,Width=13,Height=18}" />
      <Glyph char="73" source="{X=136,Y=23,Width=5,Height=18}" />
      <Glyph char="74" source="{X=143,Y=23,Width=5,Height=18}" />
      <Glyph char="75" source="{X=150,Y=23,Width=10,Height=18}" />
      <Glyph char="76" source="{X=162,Y=23,Width=8,Height=18}" />
      <Glyph char="77" source="{X=172,Y=23,Width=14,Height=18}" />
      <Glyph char="78" source="{X=188,Y=23,Width=12,Height=18}" />
      <Glyph char="79" source="{X=202,Y=23,Width=11,Height=18}" />
      <Glyph char="80" source="{X=215,Y=23,Width=10,Height=18}" />
      <Glyph char="81" source="{X=227,Y=23,Width=11,Height=18}" />
      <Glyph char="82" source="{X=240,Y=23,Width=10,Height=18}" />
      <Glyph char="83" source="{X=1,Y=44,Width=8,Height=18}" />
      <Glyph char="84" source="{X=11,Y=44,Width=9,Height=18}" />
      <Glyph char="85" source="{X=22,Y=44,Width=11,Height=18}" />
      <Glyph char="86" source="{X=35,Y=44,Width=11,Height=18}" />
      <Glyph char="87" source="{X=48,Y=44,Width=15,Height=18}" />
      <Glyph char="88" source="{X=65,Y=44,Width=10,Height=18}" />
      <Glyph char="89" source="{X=77,Y=44,Width=10,Height=18}" />
      <Glyph char="90" source="{X=89,Y=44,Width=10,Height=18}" />
      <Glyph char="91" source="{X=101,Y=44,Width=4,Height=18}" />
      <Glyph char="92" source="{X=107,Y=44,Width=7,Height=18}" />
      <Glyph char="93" source="{X=116,Y=44,Width=4,Height=18}" />
      <Glyph char="94" source="{X=122,Y=44,Width=7,Height=18}" />
      <Glyph char="95" source="{X=131,Y=44,Width=7,Height=18}" />
      <Glyph char="97" source="{X=140,Y=44,Width=7,Height=18}" />
      <Glyph char="98" source="{X=149,Y=44,Width=8,Height=18}" />
      <Glyph char="99" source="{X=159,Y=44,Width=7,Height=18}" />
      <Glyph char="100" source="{X=168,Y=44,Width=8,Height=18}" />
      <Glyph char="101" source="{X=178,Y=44,Width=7,Height=18}" />
      <Glyph char="102" source="{X=187,Y=44,Width=6,Height=18}" />
      <Glyph char="103" source="{X=195,Y=44,Width=7,Height=18}" />
      <Glyph char="104" source="{X=204,Y=44,Width=8,Height=18}" />
      <Glyph char="105" source="{X=214,Y=44,Width=4,Height=18}" />
      <Glyph char="106" source="{X=220,Y=44,Width=4,Height=18}" />
      <Glyph char="107" source="{X=226,Y=44,Width=9,Height=18}" />
      <Glyph char="108" source="{X=237,Y=44,Width=4,Height=18}" />
      <Glyph char="109" source="{X=243,Y=44,Width=13,Height=18}" />
      <Glyph char="110" source="{X=1,Y=65,Width=8,Height=18}" />
      <Glyph char="111" source="{X=11,Y=65,Width=8,Height=18}" />
      <Glyph char="112" source="{X=21,Y=65,Width=8,Height=18}" />
      <Glyph char="113" source="{X=31,Y=65,Width=8,Height=18}" />
      <Glyph char="114" source="{X=41,Y=65,Width=6,Height=18}" />
      <Glyph char="115" source="{X=49,Y=65,Width=6,Height=18}" />
      <Glyph char="116" source="{X=57,Y=65,Width=5,Height=18}" />
      <Glyph char="117" source="{X=64,Y=65,Width=8,Height=18}" />
      <Glyph char="118" source="{X=74,Y=65,Width=7,Height=18}" />
      <Glyph char="119" source="{X=83,Y=65,Width=12,Height=18}" />
      <Glyph char="120" source="{X=97,Y=65,Width=7,Height=18}" />
      <Glyph char="121" source="{X=106,Y=65,Width=7,Height=18}" />
      <Glyph char="122" source="{X=115,Y=65,Width=8,Height=18}" />
      <Glyph char="123" source="{X=125,Y=65,Width=6,Height=18}" />
      <Glyph char="124" source="{X=133,Y=65,Width=4,Height=18}" />
      <Glyph char="125" source="{X=139,Y=65,Width=6,Height=18}" />
      <Glyph char="126" source="{X=147,Y=65,Width=7,Height=18}" />
      <Glyph char="161" source="{X=156,Y=65,Width=4,Height=18}" />
      <Glyph char="162" source="{X=162,Y=65,Width=7,Height=18}" />
      <Glyph char="163" source="{X=171,Y=65,Width=7,Height=18}" />
      <Glyph char="164" source="{X=180,Y=65,Width=8,Height=18}" />
      <Glyph char="165" source="{X=190,Y=65,Width=8,Height=18}" />
      <Glyph char="166" source="{X=200,Y=65,Width=4,Height=18}" />
      <Glyph char="167" source="{X=206,Y=65,Width=7,Height=18}" />
      <Glyph char="169" source="{X=215,Y=65,Width=12,Height=18}" />
      <Glyph char="170" source="{X=229,Y=65,Width=5,Height=18}" />
      <Glyph char="171" source="{X=236,Y=65,Width=8,Height=18}" />
      <Glyph char="172" source="{X=246,Y=65,Width=9,Height=18}" />
      <Glyph char="173" source="{X=1,Y=86,Width=4,Height=18}" />
      <Glyph char="174" source="{X=7,Y=86,Width=9,Height=18}" />
      <Glyph char="176" source="{X=18,Y=86,Width=5,Height=18}" />
      <Glyph char="177" source="{X=25,Y=86,Width=7,Height=18}" />
      <Glyph char="178" source="{X=34,Y=86,Width=5,Height=18}" />
      <Glyph char="179" source="{X=41,Y=86,Width=5,Height=18}" />
      <Glyph char="181" source="{X=48,Y=86,Width=8,Height=18}" />
      <Glyph char="182" source="{X=58,Y=86,Width=7,Height=18}" />
      <Glyph char="183" source="{X=67,Y=86,Width=4,Height=18}" />
      <Glyph char="184" source="{X=73,Y=86,Width=7,Height=18}" />
      <Glyph char="185" source="{X=82,Y=86,Width=5,Height=18}" />
      <Glyph char="186" source="{X=89,Y=86,Width=5,Height=18}" />
      <Glyph char="187" source="{X=96,Y=86,Width=8,Height=18}" />
      <Glyph char="188" source="{X=106,Y=86,Width=13,Height=18}" />
      <Glyph char="189" source="{X=121,Y=86,Width=13,Height=18}" />
      <Glyph char="190" source="{X=136,Y=86,Width=13,Height=18}" />
      <Glyph char="191" source="{X=151,Y=86,Width=7,Height=18}" />
      <Glyph char="192" source="{X=160,Y=86,Width=11,Height=18}" />
      <Glyph char="193" source="{X=173,Y=86,Width=11,Height=18}" />
      <Glyph char="194" source="{X=186,Y=86,Width=11,Height=18}" />
      <Glyph char="195" source="{X=199,Y=86,Width=11,Height=18}" />
      <Glyph char="196" source="{X=212,Y=86,Width=11,Height=18}" />
      <Glyph char="197" source="{X=225,Y=86,Width=11,Height=18}" />
      <Glyph char="198" source="{X=238,Y=86,Width=15,Height=18}" />
      <Glyph char="199" source="{X=1,Y=107,Width=11,Height=18}" />
      <Glyph char="200" source="{X=14,Y=107,Width=10,Height=18}" />
      <Glyph char="201" source="{X=26,Y=107,Width=10,Height=18}" />
      <Glyph char="202" source="{X=38,Y=107,Width=10,Height=18}" />
      <Glyph char="203" source="{X=50,Y=107,Width=10,Height=18}" />
      <Glyph char="204" source="{X=62,Y=107,Width=5,Height=18}" />
      <Glyph char="205" source="{X=69,Y=107,Width=5,Height=18}" />
      <Glyph char="206" source="{X=76,Y=107,Width=5,Height=18}" />
      <Glyph char="207" source="{X=83,Y=107,Width=5,Height=18}" />
      <Glyph char="208" source="{X=90,Y=107,Width=11,Height=18}" />
      <Glyph char="209" source="{X=103,Y=107,Width=12,Height=18}" />
      <Glyph char="210" source="{X=117,Y=107,Width=11,Height=18}" />
      <Glyph char="211" source="{X=130,Y=107,Width=11,Height=18}" />
      <Glyph char="212" source="{X=143,Y=107,Width=11,Height=18}" />
      <Glyph char="213" source="{X=156,Y=107,Width=11,Height=18}" />
      <Glyph char="214" source="{X=169,Y=107,Width=11,Height=18}" />
      <Glyph char="215" source="{X=182,Y=107,Width=9,Height=18}" />
      <Glyph char="216" source="{X=193,Y=107,Width=11,Height=18}" />
      <Glyph char="217" source="{X=206,Y=107,Width=11,Height=18}" />
      <Glyph char="218" source="{X=219,Y=107,Width=11,Height=18}" />
      <Glyph char="219" source="{X=232,Y=107,Width=11,Height=18}" />
      <Glyph char="220" source="{X=245,Y=107,Width=11,Height=18}" />
      <Glyph char="221" source="{X=1,Y=128,Width=10,Height=18}" />
      <Glyph char="222" source="{X=13,Y=128,Width=10,Height=18}" />
      <Glyph char="223" source="{X=25,Y=128,Width=9,Height=18}" />
      <Glyph char="224" source="{X=36,Y=128,Width=7,Height=18}" />
      <Glyph char="225" source="{X=45,Y=128,Width=7,Height=18}" />
      <Glyph char="226" source="{X=54,Y=128,Width=7,Height=18}" />
      <Glyph char="227" source="{X=63,Y=128,Width=7,Height=18}" />
      <Glyph char="228" source="{X=72,Y=128,Width=7,Height=18}" />
      <Glyph char="229" source="{X=81,Y=128,Width=7,Height=18}" />
      <Glyph char="230" source="{X=90,Y=128,Width=11,Height=18}" />
      <Glyph char="231" source="{X=103,Y=128,Width=7,Height=18}" />
      <Glyph char="232" source="{X=112,Y=128,Width=7,Height=18}" />
      <Glyph char="233" source="{X=121,Y=128,Width=7,Height=18}" />
      <Glyph char="234" source="{X=130,Y=128,Width=7,Height=18}" />
      <Glyph char="235" source="{X=139,Y=128,Width=7,Height=18}" />
      <Glyph char="236" source="{X=148,Y=128,Width=4,Height=18}" />
      <Glyph char="237" source="{X=154,Y=128,Width=4,Height=18}" />
      <Glyph char="238" source="{X=160,Y=128,Width=4,Height=18}" />
      <Glyph char="239" source="{X=166,Y=128,Width=4,Height=18}" />
      <Glyph char="240" source="{X=172,Y=128,Width=8,Height=18}" />
      <Glyph char="241" source="{X=182,Y=128,Width=8,Height=18}" />
      <Glyph char="242" source="{X=192,Y=128,Width=8,Height=18}" />
      <Glyph char="243" source="{X=202,Y=128,Width=8,Height=18}" />
      <Glyph char="244" source="{X=212,Y=128,Width=8,Height=18}" />
      <Glyph char="245" source="{X=222,Y=128,Width=8,Height=18}" />
      <Glyph char="246" source="{X=232,Y=128,Width=8,Height=18}" />
      <Glyph char="247" source="{X=242,Y=128,Width=9,Height=18}" />
      <Glyph char="248" source="{X=1,Y=149,Width=8,Height=18}" />
      <Glyph char="249" source="{X=11,Y=149,Width=8,Height=18}" />
      <Glyph char="250" source="{X=21,Y=149,Width=8,Height=18}" />
      <Glyph char="251" source="{X=31,Y=149,Width=8,Height=18}" />
      <Glyph char="252" source="{X=41,Y=149,Width=8,Height=18}" />
      <Glyph char="253" source="{X=51,Y=149,Width=7,Height=18}" />
      <Glyph char="254" source="{X=60,Y=149,Width=8,Height=18}" />
      <Glyph char="255" source="{X=70,Y=149,Width=7,Height=18}" />
    </Metrics>
  </BitmapFont>
</AgateResources>