<AgateResources Version="0.3.0">
  <StringTable />
  <BitmapFont name="Gentium-14" image="fonts/Gentium-14.png">
    <Metrics>
      <Glyph char="32" source="{X=1,Y=2,Width=4,Height=23}" />
      <Glyph char="33" source="{X=7,Y=2,Width=5,Height=23}" />
      <Glyph char="34" source="{X=14,Y=2,Width=8,Height=23}" />
      <Glyph char="35" source="{X=24,Y=2,Width=9,Height=23}" />
      <Glyph char="36" source="{X=35,Y=2,Width=9,Height=23}" />
      <Glyph char="37" source="{X=46,Y=2,Width=13,Height=23}" />
      <Glyph char="38" source="{X=61,Y=2,Width=12,Height=23}" />
      <Glyph char="39" source="{X=75,Y=2,Width=5,Height=23}" />
      <Glyph char="40" source="{X=82,Y=2,Width=6,Height=23}" />
      <Glyph char="41" source="{X=90,Y=2,Width=6,Height=23}" />
      <Glyph char="42" source="{X=98,Y=2,Width=8,Height=23}" />
      <Glyph char="43" source="{X=108,Y=2,Width=8,Height=23}" />
      <Glyph char="44" source="{X=118,Y=2,Width=4,Height=23}" />
      <Glyph char="45" source="{X=124,Y=2,Width=6,Height=23}" />
      <Glyph char="46" source="{X=132,Y=2,Width=4,Height=23}" />
      <Glyph char="47" source="{X=138,Y=2,Width=9,Height=23}" />
      <Glyph char="48" source="{X=149,Y=2,Width=9,Height=23}" />
      <Glyph char="49" source="{X=160,Y=2,Width=9,Height=23}" />
      <Glyph char="50" source="{X=171,Y=2,Width=8,Height=23}" />
      <Glyph char="51" source="{X=181,Y=2,Width=9,Height=23}" />
      <Glyph char="52" source="{X=192,Y=2,Width=9,Height=23}" />
      <Glyph char="53" source="{X=203,Y=2,Width=9,Height=23}" />
      <Glyph char="54" source="{X=214,Y=2,Width=9,Height=23}" />
      <Glyph char="55" source="{X=225,Y=2,Width=9,Height=23}" />
      <Glyph char="56" source="{X=236,Y=2,Width=9,Height=23}" />
      <Glyph char="57" source="{X=247,Y=2,Width=9,Height=23}" />
      <Glyph char="58" source="{X=1,Y=28,Width=4,Height=23}" />
      <Glyph char="59" source="{X=7,Y=28,Width=4,Height=23}" />
      <Glyph char="60" source="{X=13,Y=28,Width=8,Height=23}" />
      <Glyph char="61" source="{X=23,Y=28,Width=8,Height=23}" />
      <Glyph char="62" source="{X=33,Y=28,Width=8,Height=23}" />
      <Glyph char="63" source="{X=43,Y=28,Width=8,Height=23}" />
      <Glyph char="64" source="{X=53,Y=28,Width=16,Height=23}" />
      <Glyph char="65" source="{X=71,Y=28,Width=11,Height=23}" />
      <Glyph char="66" source="{X=84,Y=28,Width=10,Height=23}" />
      <Glyph char="67" source="{X=96,Y=28,Width=10,Height=23}" />
      <Glyph char="68" source="{X=108,Y=28,Width=11,Height=23}" />
      <Glyph char="69" source="{X=121,Y=28,Width=9,Height=23}" />
      <Glyph char="70" source="{X=132,Y=28,Width=9,Height=23}" />
      <Glyph char="71" source="{X=143,Y=28,Width=11,Height=23}" />
      <Glyph char="72" source="{X=156,Y=28,Width=12,Height=23}" />
      <Glyph char="73" source="{X=170,Y=28,Width=6,Height=23}" />
      <Glyph char="74" source="{X=178,Y=28,Width=6,Height=23}" />
      <Glyph char="75" source="{X=186,Y=28,Width=11,Height=23}" />
      <Glyph char="76" source="{X=199,Y=28,Width=9,Height=23}" />
      <Glyph char="77" source="{X=210,Y=28,Width=15,Height=23}" />
      <Glyph char="78" source="{X=227,Y=28,Width=12,Height=23}" />
      <Glyph char="79" source="{X=241,Y=28,Width=11,Height=23}" />
      <Glyph char="80" source="{X=1,Y=54,Width=10,Height=23}" />
      <Glyph char="81" source="{X=13,Y=54,Width=11,Height=23}" />
      <Glyph char="82" source="{X=26,Y=54,Width=11,Height=23}" />
      <Glyph char="83" source="{X=39,Y=54,Width=9,Height=23}" />
      <Glyph char="84" source="{X=50,Y=54,Width=10,Height=23}" />
      <Glyph char="85" source="{X=62,Y=54,Width=12,Height=23}" />
      <Glyph char="86" source="{X=76,Y=54,Width=12,Height=23}" />
      <Glyph char="87" source="{X=90,Y=54,Width=16,Height=23}" />
      <Glyph char="88" source="{X=108,Y=54,Width=12,Height=23}" />
      <Glyph char="89" source="{X=122,Y=54,Width=11,Height=23}" />
      <Glyph char="90" source="{X=135,Y=54,Width=10,Height=23}" />
      <Glyph char="91" source="{X=147,Y=54,Width=6,Height=23}" />
      <Glyph char="92" source="{X=155,Y=54,Width=9,Height=23}" />
      <Glyph char="93" source="{X=166,Y=54,Width=5,Height=23}" />
      <Glyph char="94" source="{X=173,Y=54,Width=9,Height=23}" />
      <Glyph char="95" source="{X=184,Y=54,Width=9,Height=23}" />
      <Glyph char="96" source="{X=195,Y=54,Width=6,Height=23}" />
      <Glyph char="97" source="{X=203,Y=54,Width=9,Height=23}" />
      <Glyph char="98" source="{X=214,Y=54,Width=10,Height=23}" />
      <Glyph char="99" source="{X=226,Y=54,Width=8,Height=23}" />
      <Glyph char="100" source="{X=236,Y=54,Width=10,Height=23}" />
      <Glyph char="101" source="{X=1,Y=80,Width=9,Height=23}" />
      <Glyph char="102" source="{X=12,Y=80,Width=6,Height=23}" />
      <Glyph char="103" source="{X=20,Y=80,Width=10,Height=23}" />
      <Glyph char="104" source="{X=32,Y=80,Width=10,Height=23}" />
      <Glyph char="105" source="{X=44,Y=80,Width=5,Height=23}" />
      <Glyph char="106" source="{X=51,Y=80,Width=5,Height=23}" />
      <Glyph char="107" source="{X=58,Y=80,Width=10,Height=23}" />
      <Glyph char="108" source="{X=70,Y=80,Width=5,Height=23}" />
      <Glyph char="109" source="{X=77,Y=80,Width=15,Height=23}" />
      <Glyph char="110" source="{X=94,Y=80,Width=10,Height=23}" />
      <Glyph char="111" source="{X=106,Y=80,Width=10,Height=23}" />
      <Glyph char="112" source="{X=118,Y=80,Width=10,Height=23}" />
      <Glyph char="113" source="{X=130,Y=80,Width=10,Height=23}" />
      <Glyph char="114" source="{X=142,Y=80,Width=8,Height=23}" />
      <Glyph char="115" source="{X=152,Y=80,Width=7,Height=23}" />
      <Glyph char="116" source="{X=161,Y=80,Width=7,Height=23}" />
      <Glyph char="117" source="{X=170,Y=80,Width=10,Height=23}" />
      <Glyph char="118" source="{X=182,Y=80,Width=9,Height=23}" />
      <Glyph char="119" source="{X=193,Y=80,Width=13,Height=23}" />
      <Glyph char="120" source="{X=208,Y=80,Width=10,Height=23}" />
      <Glyph char="121" source="{X=220,Y=80,Width=9,Height=23}" />
      <Glyph char="122" source="{X=231,Y=80,Width=8,Height=23}" />
      <Glyph char="123" source="{X=241,Y=80,Width=6,Height=23}" />
      <Glyph char="124" source="{X=249,Y=80,Width=4,Height=23}" />
      <Glyph char="125" source="{X=1,Y=106,Width=6,Height=23}" />
      <Glyph char="126" source="{X=9,Y=106,Width=9,Height=23}" />
      <Glyph char="161" source="{X=20,Y=106,Width=5,Height=23}" />
      <Glyph char="162" source="{X=27,Y=106,Width=9,Height=23}" />
      <Glyph char="163" source="{X=38,Y=106,Width=9,Height=23}" />
      <Glyph char="164" source="{X=49,Y=106,Width=9,Height=23}" />
      <Glyph char="165" source="{X=60,Y=106,Width=9,Height=23}" />
      <Glyph char="166" source="{X=71,Y=106,Width=4,Height=23}" />
      <Glyph char="167" source="{X=77,Y=106,Width=9,Height=23}" />
      <Glyph char="168" source="{X=88,Y=106,Width=7,Height=23}" />
      <Glyph char="169" source="{X=97,Y=106,Width=14,Height=23}" />
      <Glyph char="170" source="{X=113,Y=106,Width=5,Height=23}" />
      <Glyph char="171" source="{X=120,Y=106,Width=9,Height=23}" />
      <Glyph char="172" source="{X=131,Y=106,Width=9,Height=23}" />
      <Glyph char="173" source="{X=142,Y=106,Width=6,Height=23}" />
      <Glyph char="174" source="{X=150,Y=106,Width=8,Height=23}" />
      <Glyph char="175" source="{X=160,Y=106,Width=9,Height=23}" />
      <Glyph char="176" source="{X=171,Y=106,Width=7,Height=23}" />
      <Glyph char="177" source="{X=180,Y=106,Width=8,Height=23}" />
      <Glyph char="178" source="{X=190,Y=106,Width=6,Height=23}" />
      <Glyph char="179" source="{X=198,Y=106,Width=6,Height=23}" />
      <Glyph char="180" source="{X=206,Y=106,Width=6,Height=23}" />
      <Glyph char="181" source="{X=214,Y=106,Width=10,Height=23}" />
      <Glyph char="182" source="{X=226,Y=106,Width=10,Height=23}" />
      <Glyph char="183" source="{X=238,Y=106,Width=3,Height=23}" />
      <Glyph char="184" source="{X=243,Y=106,Width=4,Height=23}" />
      <Glyph char="185" source="{X=249,Y=106,Width=6,Height=23}" />
      <Glyph char="186" source="{X=1,Y=132,Width=5,Height=23}" />
      <Glyph char="187" source="{X=8,Y=132,Width=9,Height=23}" />
      <Glyph char="188" source="{X=19,Y=132,Width=11,Height=23}" />
      <Glyph char="189" source="{X=32,Y=132,Width=11,Height=23}" />
      <Glyph char="190" source="{X=45,Y=132,Width=11,Height=23}" />
      <Glyph char="191" source="{X=58,Y=132,Width=8,Height=23}" />
      <Glyph char="192" source="{X=68,Y=132,Width=11,Height=23}" />
      <Glyph char="193" source="{X=81,Y=132,Width=11,Height=23}" />
      <Glyph char="194" source="{X=94,Y=132,Width=11,Height=23}" />
      <Glyph char="195" source="{X=107,Y=132,Width=11,Height=23}" />
      <Glyph char="196" source="{X=120,Y=132,Width=11,Height=23}" />
      <Glyph char="197" source="{X=133,Y=132,Width=11,Height=23}" />
      <Glyph char="198" source="{X=146,Y=132,Width=15,Height=23}" />
      <Glyph char="199" source="{X=163,Y=132,Width=10,Height=23}" />
      <Glyph char="200" source="{X=175,Y=132,Width=9,Height=23}" />
      <Glyph char="201" source="{X=186,Y=132,Width=9,Height=23}" />
      <Glyph char="202" source="{X=197,Y=132,Width=9,Height=23}" />
      <Glyph char="203" source="{X=208,Y=132,Width=9,Height=23}" />
      <Glyph char="204" source="{X=219,Y=132,Width=6,Height=23}" />
      <Glyph char="205" source="{X=227,Y=132,Width=6,Height=23}" />
      <Glyph char="206" source="{X=235,Y=132,Width=6,Height=23}" />
      <Glyph char="207" source="{X=243,Y=132,Width=6,Height=23}" />
      <Glyph char="208" source="{X=1,Y=158,Width=11,Height=23}" />
      <Glyph char="209" source="{X=14,Y=158,Width=12,Height=23}" />
      <Glyph char="210" source="{X=28,Y=158,Width=11,Height=23}" />
      <Glyph char="211" source="{X=41,Y=158,Width=11,Height=23}" />
      <Glyph char="212" source="{X=54,Y=158,Width=11,Height=23}" />
      <Glyph char="213" source="{X=67,Y=158,Width=11,Height=23}" />
      <Glyph char="214" source="{X=80,Y=158,Width=11,Height=23}" />
      <Glyph char="215" source="{X=93,Y=158,Width=8,Height=23}" />
      <Glyph char="216" source="{X=103,Y=158,Width=11,Height=23}" />
      <Glyph char="217" source="{X=116,Y=158,Width=12,Height=23}" />
      <Glyph char="218" source="{X=130,Y=158,Width=12,Height=23}" />
      <Glyph char="219" source="{X=144,Y=158,Width=12,Height=23}" />
      <Glyph char="220" source="{X=158,Y=158,Width=12,Height=23}" />
      <Glyph char="221" source="{X=172,Y=158,Width=11,Height=23}" />
      <Glyph char="222" source="{X=185,Y=158,Width=10,Height=23}" />
      <Glyph char="223" source="{X=197,Y=158,Width=11,Height=23}" />
      <Glyph char="224" source="{X=210,Y=158,Width=9,Height=23}" />
      <Glyph char="225" source="{X=221,Y=158,Width=9,Height=23}" />
      <Glyph char="226" source="{X=232,Y=158,Width=9,Height=23}" />
      <Glyph char="227" source="{X=243,Y=158,Width=9,Height=23}" />
      <Glyph char="228" source="{X=1,Y=184,Width=9,Height=23}" />
      <Glyph char="229" source="{X=12,Y=184,Width=9,Height=23}" />
      <Glyph char="230" source="{X=23,Y=184,Width=13,Height=23}" />
      <Glyph char="231" source="{X=38,Y=184,Width=8,Height=23}" />
      <Glyph char="232" source="{X=48,Y=184,Width=9,Height=23}" />
      <Glyph char="233" source="{X=59,Y=184,Width=9,Height=23}" />
      <Glyph char="234" source="{X=70,Y=184,Width=9,Height=23}" />
      <Glyph char="235" source="{X=81,Y=184,Width=9,Height=23}" />
      <Glyph char="236" source="{X=92,Y=184,Width=5,Height=23}" />
      <Glyph char="237" source="{X=99,Y=184,Width=5,Height=23}" />
      <Glyph char="238" source="{X=106,Y=184,Width=5,Height=23}" />
      <Glyph char="239" source="{X=113,Y=184,Width=5,Height=23}" />
      <Glyph char="240" source="{X=120,Y=184,Width=9,Height=23}" />
      <Glyph char="241" source="{X=131,Y=184,Width=10,Height=23}" />
      <Glyph char="242" source="{X=143,Y=184,Width=10,Height=23}" />
      <Glyph char="243" source="{X=155,Y=184,Width=10,Height=23}" />
      <Glyph char="244" source="{X=167,Y=184,Width=10,Height=23}" />
      <Glyph char="245" source="{X=179,Y=184,Width=10,Height=23}" />
      <Glyph char="246" source="{X=191,Y=184,Width=10,Height=23}" />
      <Glyph char="247" source="{X=203,Y=184,Width=8,Height=23}" />
      <Glyph char="248" source="{X=213,Y=184,Width=10,Height=23}" />
      <Glyph char="249" source="{X=225,Y=184,Width=10,Height=23}" />
      <Glyph char="250" source="{X=237,Y=184,Width=10,Height=23}" />
      <Glyph char="251" source="{X=1,Y=210,Width=10,Height=23}" />
      <Glyph char="252" source="{X=13,Y=210,Width=10,Height=23}" />
      <Glyph char="253" source="{X=25,Y=210,Width=9,Height=23}" />
      <Glyph char="254" source="{X=36,Y=210,Width=10,Height=23}" />
      <Glyph char="255" source="{X=48,Y=210,Width=9,Height=23}" />
    </Metrics>
  </BitmapFont>
  <BitmapFont name="Gentium-12" image="fonts/Gentium-12.png">
    <Metrics>
      <Glyph char="32" source="{X=1,Y=2,Width=4,Height=19}" />
      <Glyph char="33" source="{X=7,Y=2,Width=4,Height=19}" />
      <Glyph char="34" source="{X=13,Y=2,Width=7,Height=19}" />
      <Glyph char="35" source="{X=22,Y=2,Width=8,Height=19}" />
      <Glyph char="36" source="{X=32,Y=2,Width=8,Height=19}" />
      <Glyph char="37" source="{X=42,Y=2,Width=11,Height=19}" />
      <Glyph char="38" source="{X=55,Y=2,Width=11,Height=19}" />
      <Glyph char="39" source="{X=68,Y=2,Width=4,Height=19}" />
      <Glyph char="40" source="{X=74,Y=2,Width=5,Height=19}" />
      <Glyph char="41" source="{X=81,Y=2,Width=5,Height=19}" />
      <Glyph char="42" source="{X=88,Y=2,Width=7,Height=19}" />
      <Glyph char="43" source="{X=97,Y=2,Width=7,Height=19}" />
      <Glyph char="44" source="{X=106,Y=2,Width=4,Height=19}" />
      <Glyph char="45" source="{X=112,Y=2,Width=5,Height=19}" />
      <Glyph char="46" source="{X=119,Y=2,Width=4,Height=19}" />
      <Glyph char="47" source="{X=125,Y=2,Width=8,Height=19}" />
      <Glyph char="48" source="{X=135,Y=2,Width=8,Height=19}" />
      <Glyph char="49" source="{X=145,Y=2,Width=8,Height=19}" />
      <Glyph char="50" source="{X=155,Y=2,Width=7,Height=19}" />
      <Glyph char="51" source="{X=164,Y=2,Width=8,Height=19}" />
      <Glyph char="52" source="{X=174,Y=2,Width=8,Height=19}" />
      <Glyph char="53" source="{X=184,Y=2,Width=8,Height=19}" />
      <Glyph char="54" source="{X=194,Y=2,Width=8,Height=19}" />
      <Glyph char="55" source="{X=204,Y=2,Width=8,Height=19}" />
      <Glyph char="56" source="{X=214,Y=2,Width=7,Height=19}" />
      <Glyph char="57" source="{X=223,Y=2,Width=8,Height=19}" />
      <Glyph char="58" source="{X=233,Y=2,Width=4,Height=19}" />
      <Glyph char="59" source="{X=239,Y=2,Width=4,Height=19}" />
      <Glyph char="60" source="{X=245,Y=2,Width=7,Height=19}" />
      <Glyph char="61" source="{X=1,Y=24,Width=7,Height=19}" />
      <Glyph char="62" source="{X=10,Y=24,Width=7,Height=19}" />
      <Glyph char="63" source="{X=19,Y=24,Width=7,Height=19}" />
      <Glyph char="64" source="{X=28,Y=24,Width=13,Height=19}" />
      <Glyph char="65" source="{X=43,Y=24,Width=10,Height=19}" />
      <Glyph char="66" source="{X=55,Y=24,Width=9,Height=19}" />
      <Glyph char="67" source="{X=66,Y=24,Width=9,Height=19}" />
      <Glyph char="68" source="{X=77,Y=24,Width=9,Height=19}" />
      <Glyph char="69" source="{X=88,Y=24,Width=8,Height=19}" />
      <Glyph char="70" source="{X=98,Y=24,Width=8,Height=19}" />
      <Glyph char="71" source="{X=108,Y=24,Width=9,Height=19}" />
      <Glyph char="72" source="{X=119,Y=24,Width=10,Height=19}" />
      <Glyph char="73" source="{X=131,Y=24,Width=5,Height=19}" />
      <Glyph char="74" source="{X=138,Y=24,Width=5,Height=19}" />
      <Glyph char="75" source="{X=145,Y=24,Width=9,Height=19}" />
      <Glyph char="76" source="{X=156,Y=24,Width=8,Height=19}" />
      <Glyph char="77" source="{X=166,Y=24,Width=13,Height=19}" />
      <Glyph char="78" source="{X=181,Y=24,Width=10,Height=19}" />
      <Glyph char="79" source="{X=193,Y=24,Width=10,Height=19}" />
      <Glyph char="80" source="{X=205,Y=24,Width=8,Height=19}" />
      <Glyph char="81" source="{X=215,Y=24,Width=10,Height=19}" />
      <Glyph char="82" source="{X=227,Y=24,Width=9,Height=19}" />
      <Glyph char="83" source="{X=238,Y=24,Width=8,Height=19}" />
      <Glyph char="84" source="{X=1,Y=46,Width=9,Height=19}" />
      <Glyph char="85" source="{X=12,Y=46,Width=10,Height=19}" />
      <Glyph char="86" source="{X=24,Y=46,Width=10,Height=19}" />
      <Glyph char="87" source="{X=36,Y=46,Width=14,Height=19}" />
      <Glyph char="88" source="{X=52,Y=46,Width=10,Height=19}" />
      <Glyph char="89" source="{X=64,Y=46,Width=10,Height=19}" />
      <Glyph char="90" source="{X=76,Y=46,Width=8,Height=19}" />
      <Glyph char="91" source="{X=86,Y=46,Width=5,Height=19}" />
      <Glyph char="92" source="{X=93,Y=46,Width=8,Height=19}" />
      <Glyph char="93" source="{X=103,Y=46,Width=5,Height=19}" />
      <Glyph char="94" source="{X=110,Y=46,Width=8,Height=19}" />
      <Glyph char="95" source="{X=120,Y=46,Width=8,Height=19}" />
      <Glyph char="96" source="{X=130,Y=46,Width=5,Height=19}" />
      <Glyph char="97" source="{X=137,Y=46,Width=7,Height=19}" />
      <Glyph char="98" source="{X=146,Y=46,Width=8,Height=19}" />
      <Glyph char="99" source="{X=156,Y=46,Width=7,Height=19}" />
      <Glyph char="100" source="{X=165,Y=46,Width=8,Height=19}" />
      <Glyph char="101" source="{X=175,Y=46,Width=7,Height=19}" />
      <Glyph char="102" source="{X=184,Y=46,Width=5,Height=19}" />
      <Glyph char="103" source="{X=191,Y=46,Width=7,Height=19}" />
      <Glyph char="104" source="{X=200,Y=46,Width=9,Height=19}" />
      <Glyph char="105" source="{X=211,Y=46,Width=4,Height=19}" />
      <Glyph char="106" source="{X=217,Y=46,Width=4,Height=19}" />
      <Glyph char="107" source="{X=223,Y=46,Width=8,Height=19}" />
      <Glyph char="108" source="{X=233,Y=46,Width=4,Height=19}" />
      <Glyph char="109" source="{X=239,Y=46,Width=12,Height=19}" />
      <Glyph char="110" source="{X=1,Y=68,Width=9,Height=19}" />
      <Glyph char="111" source="{X=12,Y=68,Width=8,Height=19}" />
      <Glyph char="112" source="{X=22,Y=68,Width=8,Height=19}" />
      <Glyph char="113" source="{X=32,Y=68,Width=8,Height=19}" />
      <Glyph char="114" source="{X=42,Y=68,Width=6,Height=19}" />
      <Glyph char="115" source="{X=50,Y=68,Width=6,Height=19}" />
      <Glyph char="116" source="{X=58,Y=68,Width=6,Height=19}" />
      <Glyph char="117" source="{X=66,Y=68,Width=8,Height=19}" />
      <Glyph char="118" source="{X=76,Y=68,Width=8,Height=19}" />
      <Glyph char="119" source="{X=86,Y=68,Width=11,Height=19}" />
      <Glyph char="120" source="{X=99,Y=68,Width=8,Height=19}" />
      <Glyph char="121" source="{X=109,Y=68,Width=8,Height=19}" />
      <Glyph char="122" source="{X=119,Y=68,Width=7,Height=19}" />
      <Glyph char="123" source="{X=128,Y=68,Width=4,Height=19}" />
      <Glyph char="124" source="{X=134,Y=68,Width=4,Height=19}" />
      <Glyph char="125" source="{X=140,Y=68,Width=4,Height=19}" />
      <Glyph char="126" source="{X=146,Y=68,Width=8,Height=19}" />
      <Glyph char="161" source="{X=156,Y=68,Width=4,Height=19}" />
      <Glyph char="162" source="{X=162,Y=68,Width=8,Height=19}" />
      <Glyph char="163" source="{X=172,Y=68,Width=8,Height=19}" />
      <Glyph char="164" source="{X=182,Y=68,Width=8,Height=19}" />
      <Glyph char="165" source="{X=192,Y=68,Width=8,Height=19}" />
      <Glyph char="166" source="{X=202,Y=68,Width=4,Height=19}" />
      <Glyph char="167" source="{X=208,Y=68,Width=8,Height=19}" />
      <Glyph char="168" source="{X=218,Y=68,Width=6,Height=19}" />
      <Glyph char="169" source="{X=226,Y=68,Width=12,Height=19}" />
      <Glyph char="170" source="{X=240,Y=68,Width=4,Height=19}" />
      <Glyph char="171" source="{X=246,Y=68,Width=8,Height=19}" />
      <Glyph char="172" source="{X=1,Y=90,Width=8,Height=19}" />
      <Glyph char="173" source="{X=11,Y=90,Width=5,Height=19}" />
      <Glyph char="174" source="{X=18,Y=90,Width=7,Height=19}" />
      <Glyph char="175" source="{X=27,Y=90,Width=8,Height=19}" />
      <Glyph char="176" source="{X=37,Y=90,Width=6,Height=19}" />
      <Glyph char="177" source="{X=45,Y=90,Width=7,Height=19}" />
      <Glyph char="178" source="{X=54,Y=90,Width=5,Height=19}" />
      <Glyph char="179" source="{X=61,Y=90,Width=5,Height=19}" />
      <Glyph char="180" source="{X=68,Y=90,Width=5,Height=19}" />
      <Glyph char="181" source="{X=75,Y=90,Width=8,Height=19}" />
      <Glyph char="182" source="{X=85,Y=90,Width=9,Height=19}" />
      <Glyph char="183" source="{X=96,Y=90,Width=2,Height=19}" />
      <Glyph char="184" source="{X=100,Y=90,Width=4,Height=19}" />
      <Glyph char="185" source="{X=106,Y=90,Width=5,Height=19}" />
      <Glyph char="186" source="{X=113,Y=90,Width=5,Height=19}" />
      <Glyph char="187" source="{X=120,Y=90,Width=8,Height=19}" />
      <Glyph char="188" source="{X=130,Y=90,Width=9,Height=19}" />
      <Glyph char="189" source="{X=141,Y=90,Width=9,Height=19}" />
      <Glyph char="190" source="{X=152,Y=90,Width=9,Height=19}" />
      <Glyph char="191" source="{X=163,Y=90,Width=7,Height=19}" />
      <Glyph char="192" source="{X=172,Y=90,Width=10,Height=19}" />
      <Glyph char="193" source="{X=184,Y=90,Width=10,Height=19}" />
      <Glyph char="194" source="{X=196,Y=90,Width=10,Height=19}" />
      <Glyph char="195" source="{X=208,Y=90,Width=10,Height=19}" />
      <Glyph char="196" source="{X=220,Y=90,Width=10,Height=19}" />
      <Glyph char="197" source="{X=232,Y=90,Width=10,Height=19}" />
      <Glyph char="198" source="{X=244,Y=90,Width=12,Height=19}" />
      <Glyph char="199" source="{X=1,Y=112,Width=9,Height=19}" />
      <Glyph char="200" source="{X=12,Y=112,Width=8,Height=19}" />
      <Glyph char="201" source="{X=22,Y=112,Width=8,Height=19}" />
      <Glyph char="202" source="{X=32,Y=112,Width=8,Height=19}" />
      <Glyph char="203" source="{X=42,Y=112,Width=8,Height=19}" />
      <Glyph char="204" source="{X=52,Y=112,Width=5,Height=19}" />
      <Glyph char="205" source="{X=59,Y=112,Width=5,Height=19}" />
      <Glyph char="206" source="{X=66,Y=112,Width=5,Height=19}" />
      <Glyph char="207" source="{X=73,Y=112,Width=5,Height=19}" />
      <Glyph char="208" source="{X=80,Y=112,Width=9,Height=19}" />
      <Glyph char="209" source="{X=91,Y=112,Width=10,Height=19}" />
      <Glyph char="210" source="{X=103,Y=112,Width=10,Height=19}" />
      <Glyph char="211" source="{X=115,Y=112,Width=10,Height=19}" />
      <Glyph char="212" source="{X=127,Y=112,Width=10,Height=19}" />
      <Glyph char="213" source="{X=139,Y=112,Width=10,Height=19}" />
      <Glyph char="214" source="{X=151,Y=112,Width=10,Height=19}" />
      <Glyph char="215" source="{X=163,Y=112,Width=7,Height=19}" />
      <Glyph char="216" source="{X=172,Y=112,Width=10,Height=19}" />
      <Glyph char="217" source="{X=184,Y=112,Width=10,Height=19}" />
      <Glyph char="218" source="{X=196,Y=112,Width=10,Height=19}" />
      <Glyph char="219" source="{X=208,Y=112,Width=10,Height=19}" />
      <Glyph char="220" source="{X=220,Y=112,Width=10,Height=19}" />
      <Glyph char="221" source="{X=232,Y=112,Width=10,Height=19}" />
      <Glyph char="222" source="{X=244,Y=112,Width=8,Height=19}" />
      <Glyph char="223" source="{X=1,Y=134,Width=9,Height=19}" />
      <Glyph char="224" source="{X=12,Y=134,Width=7,Height=19}" />
      <Glyph char="225" source="{X=21,Y=134,Width=7,Height=19}" />
      <Glyph char="226" source="{X=30,Y=134,Width=7,Height=19}" />
      <Glyph char="227" source="{X=39,Y=134,Width=7,Height=19}" />
      <Glyph char="228" source="{X=48,Y=134,Width=7,Height=19}" />
      <Glyph char="229" source="{X=57,Y=134,Width=7,Height=19}" />
      <Glyph char="230" source="{X=66,Y=134,Width=11,Height=19}" />
      <Glyph char="231" source="{X=79,Y=134,Width=7,Height=19}" />
      <Glyph char="232" source="{X=88,Y=134,Width=7,Height=19}" />
      <Glyph char="233" source="{X=97,Y=134,Width=7,Height=19}" />
      <Glyph char="234" source="{X=106,Y=134,Width=7,Height=19}" />
      <Glyph char="235" source="{X=115,Y=134,Width=7,Height=19}" />
      <Glyph char="236" source="{X=124,Y=134,Width=4,Height=19}" />
      <Glyph char="237" source="{X=130,Y=134,Width=4,Height=19}" />
      <Glyph char="238" source="{X=136,Y=134,Width=4,Height=19}" />
      <Glyph char="239" source="{X=142,Y=134,Width=4,Height=19}" />
      <Glyph char="240" source="{X=148,Y=134,Width=8,Height=19}" />
      <Glyph char="241" source="{X=158,Y=134,Width=9,Height=19}" />
      <Glyph char="242" source="{X=169,Y=134,Width=8,Height=19}" />
      <Glyph char="243" source="{X=179,Y=134,Width=8,Height=19}" />
      <Glyph char="244" source="{X=189,Y=134,Width=8,Height=19}" />
      <Glyph char="245" source="{X=199,Y=134,Width=8,Height=19}" />
      <Glyph char="246" source="{X=209,Y=134,Width=8,Height=19}" />
      <Glyph char="247" source="{X=219,Y=134,Width=7,Height=19}" />
      <Glyph char="248" source="{X=228,Y=134,Width=8,Height=19}" />
      <Glyph char="249" source="{X=238,Y=134,Width=8,Height=19}" />
      <Glyph char="250" source="{X=248,Y=134,Width=8,Height=19}" />
      <Glyph char="251" source="{X=1,Y=156,Width=8,Height=19}" />
      <Glyph char="252" source="{X=11,Y=156,Width=8,Height=19}" />
      <Glyph char="253" source="{X=21,Y=156,Width=8,Height=19}" />
      <Glyph char="254" source="{X=31,Y=156,Width=8,Height=19}" />
      <Glyph char="255" source="{X=41,Y=156,Width=8,Height=19}" />
    </Metrics>
  </BitmapFont>
  <BitmapFont name="Gentium-10" image="fonts/Gentium-10.png">
    <Metrics>
      <Glyph char="32" source="{X=1,Y=2,Width=3,Height=17}" />
      <Glyph char="33" source="{X=6,Y=2,Width=4,Height=17}" />
      <Glyph char="34" source="{X=12,Y=2,Width=6,Height=17}" />
      <Glyph char="35" source="{X=20,Y=2,Width=7,Height=17}" />
      <Glyph char="36" source="{X=29,Y=2,Width=7,Height=17}" />
      <Glyph char="37" source="{X=38,Y=2,Width=10,Height=17}" />
      <Glyph char="38" source="{X=50,Y=2,Width=10,Height=17}" />
      <Glyph char="39" source="{X=62,Y=2,Width=4,Height=17}" />
      <Glyph char="40" source="{X=68,Y=2,Width=4,Height=17}" />
      <Glyph char="41" source="{X=74,Y=2,Width=4,Height=17}" />
      <Glyph char="42" source="{X=80,Y=2,Width=6,Height=17}" />
      <Glyph char="43" source="{X=88,Y=2,Width=6,Height=17}" />
      <Glyph char="44" source="{X=96,Y=2,Width=3,Height=17}" />
      <Glyph char="45" source="{X=101,Y=2,Width=5,Height=17}" />
      <Glyph char="46" source="{X=108,Y=2,Width=3,Height=17}" />
      <Glyph char="47" source="{X=113,Y=2,Width=7,Height=17}" />
      <Glyph char="48" source="{X=122,Y=2,Width=7,Height=17}" />
      <Glyph char="49" source="{X=131,Y=2,Width=7,Height=17}" />
      <Glyph char="50" source="{X=140,Y=2,Width=7,Height=17}" />
      <Glyph char="51" source="{X=149,Y=2,Width=7,Height=17}" />
      <Glyph char="52" source="{X=158,Y=2,Width=7,Height=17}" />
      <Glyph char="53" source="{X=167,Y=2,Width=7,Height=17}" />
      <Glyph char="54" source="{X=176,Y=2,Width=7,Height=17}" />
      <Glyph char="55" source="{X=185,Y=2,Width=7,Height=17}" />
      <Glyph char="56" source="{X=194,Y=2,Width=7,Height=17}" />
      <Glyph char="57" source="{X=203,Y=2,Width=7,Height=17}" />
      <Glyph char="58" source="{X=212,Y=2,Width=3,Height=17}" />
      <Glyph char="59" source="{X=217,Y=2,Width=3,Height=17}" />
      <Glyph char="60" source="{X=222,Y=2,Width=6,Height=17}" />
      <Glyph char="61" source="{X=230,Y=2,Width=6,Height=17}" />
      <Glyph char="62" source="{X=238,Y=2,Width=6,Height=17}" />
      <Glyph char="63" source="{X=246,Y=2,Width=6,Height=17}" />
      <Glyph char="64" source="{X=1,Y=22,Width=12,Height=17}" />
      <Glyph char="65" source="{X=15,Y=22,Width=8,Height=17}" />
      <Glyph char="66" source="{X=25,Y=22,Width=8,Height=17}" />
      <Glyph char="67" source="{X=35,Y=22,Width=8,Height=17}" />
      <Glyph char="68" source="{X=45,Y=22,Width=8,Height=17}" />
      <Glyph char="69" source="{X=55,Y=22,Width=7,Height=17}" />
      <Glyph char="70" source="{X=64,Y=22,Width=7,Height=17}" />
      <Glyph char="71" source="{X=73,Y=22,Width=8,Height=17}" />
      <Glyph char="72" source="{X=83,Y=22,Width=9,Height=17}" />
      <Glyph char="73" source="{X=94,Y=22,Width=4,Height=17}" />
      <Glyph char="74" source="{X=100,Y=22,Width=4,Height=17}" />
      <Glyph char="75" source="{X=106,Y=22,Width=8,Height=17}" />
      <Glyph char="76" source="{X=116,Y=22,Width=7,Height=17}" />
      <Glyph char="77" source="{X=125,Y=22,Width=11,Height=17}" />
      <Glyph char="78" source="{X=138,Y=22,Width=9,Height=17}" />
      <Glyph char="79" source="{X=149,Y=22,Width=8,Height=17}" />
      <Glyph char="80" source="{X=159,Y=22,Width=7,Height=17}" />
      <Glyph char="81" source="{X=168,Y=22,Width=8,Height=17}" />
      <Glyph char="82" source="{X=178,Y=22,Width=8,Height=17}" />
      <Glyph char="83" source="{X=188,Y=22,Width=7,Height=17}" />
      <Glyph char="84" source="{X=197,Y=22,Width=8,Height=17}" />
      <Glyph char="85" source="{X=207,Y=22,Width=9,Height=17}" />
      <Glyph char="86" source="{X=218,Y=22,Width=9,Height=17}" />
      <Glyph char="87" source="{X=229,Y=22,Width=12,Height=17}" />
      <Glyph char="88" source="{X=243,Y=22,Width=9,Height=17}" />
      <Glyph char="89" source="{X=1,Y=42,Width=8,Height=17}" />
      <Glyph char="90" source="{X=11,Y=42,Width=7,Height=17}" />
      <Glyph char="91" source="{X=20,Y=42,Width=4,Height=17}" />
      <Glyph char="92" source="{X=26,Y=42,Width=7,Height=17}" />
      <Glyph char="93" source="{X=35,Y=42,Width=4,Height=17}" />
      <Glyph char="94" source="{X=41,Y=42,Width=7,Height=17}" />
      <Glyph char="95" source="{X=50,Y=42,Width=7,Height=17}" />
      <Glyph char="96" source="{X=59,Y=42,Width=4,Height=17}" />
      <Glyph char="97" source="{X=65,Y=42,Width=6,Height=17}" />
      <Glyph char="98" source="{X=73,Y=42,Width=7,Height=17}" />
      <Glyph char="99" source="{X=82,Y=42,Width=6,Height=17}" />
      <Glyph char="100" source="{X=90,Y=42,Width=7,Height=17}" />
      <Glyph char="101" source="{X=99,Y=42,Width=6,Height=17}" />
      <Glyph char="102" source="{X=107,Y=42,Width=4,Height=17}" />
      <Glyph char="103" source="{X=113,Y=42,Width=7,Height=17}" />
      <Glyph char="104" source="{X=122,Y=42,Width=8,Height=17}" />
      <Glyph char="105" source="{X=132,Y=42,Width=4,Height=17}" />
      <Glyph char="106" source="{X=138,Y=42,Width=4,Height=17}" />
      <Glyph char="107" source="{X=144,Y=42,Width=7,Height=17}" />
      <Glyph char="108" source="{X=153,Y=42,Width=4,Height=17}" />
      <Glyph char="109" source="{X=159,Y=42,Width=11,Height=17}" />
      <Glyph char="110" source="{X=172,Y=42,Width=8,Height=17}" />
      <Glyph char="111" source="{X=182,Y=42,Width=7,Height=17}" />
      <Glyph char="112" source="{X=191,Y=42,Width=7,Height=17}" />
      <Glyph char="113" source="{X=200,Y=42,Width=7,Height=17}" />
      <Glyph char="114" source="{X=209,Y=42,Width=6,Height=17}" />
      <Glyph char="115" source="{X=217,Y=42,Width=5,Height=17}" />
      <Glyph char="116" source="{X=224,Y=42,Width=5,Height=17}" />
      <Glyph char="117" source="{X=231,Y=42,Width=7,Height=17}" />
      <Glyph char="118" source="{X=240,Y=42,Width=7,Height=17}" />
      <Glyph char="119" source="{X=1,Y=62,Width=10,Height=17}" />
      <Glyph char="120" source="{X=13,Y=62,Width=7,Height=17}" />
      <Glyph char="121" source="{X=22,Y=62,Width=7,Height=17}" />
      <Glyph char="122" source="{X=31,Y=62,Width=6,Height=17}" />
      <Glyph char="123" source="{X=39,Y=62,Width=4,Height=17}" />
      <Glyph char="124" source="{X=45,Y=62,Width=3,Height=17}" />
      <Glyph char="125" source="{X=50,Y=62,Width=4,Height=17}" />
      <Glyph char="126" source="{X=56,Y=62,Width=7,Height=17}" />
      <Glyph char="161" source="{X=65,Y=62,Width=4,Height=17}" />
      <Glyph char="162" source="{X=71,Y=62,Width=7,Height=17}" />
      <Glyph char="163" source="{X=80,Y=62,Width=7,Height=17}" />
      <Glyph char="164" source="{X=89,Y=62,Width=7,Height=17}" />
      <Glyph char="165" source="{X=98,Y=62,Width=7,Height=17}" />
      <Glyph char="166" source="{X=107,Y=62,Width=3,Height=17}" />
      <Glyph char="167" source="{X=112,Y=62,Width=7,Height=17}" />
      <Glyph char="168" source="{X=121,Y=62,Width=5,Height=17}" />
      <Glyph char="169" source="{X=128,Y=62,Width=11,Height=17}" />
      <Glyph char="170" source="{X=141,Y=62,Width=4,Height=17}" />
      <Glyph char="171" source="{X=147,Y=62,Width=7,Height=17}" />
      <Glyph char="172" source="{X=156,Y=62,Width=7,Height=17}" />
      <Glyph char="173" source="{X=165,Y=62,Width=5,Height=17}" />
      <Glyph char="174" source="{X=172,Y=62,Width=6,Height=17}" />
      <Glyph char="175" source="{X=180,Y=62,Width=7,Height=17}" />
      <Glyph char="176" source="{X=189,Y=62,Width=5,Height=17}" />
      <Glyph char="177" source="{X=196,Y=62,Width=6,Height=17}" />
      <Glyph char="178" source="{X=204,Y=62,Width=5,Height=17}" />
      <Glyph char="179" source="{X=211,Y=62,Width=5,Height=17}" />
      <Glyph char="180" source="{X=218,Y=62,Width=4,Height=17}" />
      <Glyph char="181" source="{X=224,Y=62,Width=7,Height=17}" />
      <Glyph char="182" source="{X=233,Y=62,Width=8,Height=17}" />
      <Glyph char="183" source="{X=243,Y=62,Width=2,Height=17}" />
      <Glyph char="184" source="{X=247,Y=62,Width=3,Height=17}" />
      <Glyph char="185" source="{X=1,Y=82,Width=5,Height=17}" />
      <Glyph char="186" source="{X=8,Y=82,Width=4,Height=17}" />
      <Glyph char="187" source="{X=14,Y=82,Width=7,Height=17}" />
      <Glyph char="188" source="{X=23,Y=82,Width=8,Height=17}" />
      <Glyph char="189" source="{X=33,Y=82,Width=8,Height=17}" />
      <Glyph char="190" source="{X=43,Y=82,Width=8,Height=17}" />
      <Glyph char="191" source="{X=53,Y=82,Width=6,Height=17}" />
      <Glyph char="192" source="{X=61,Y=82,Width=8,Height=17}" />
      <Glyph char="193" source="{X=71,Y=82,Width=8,Height=17}" />
      <Glyph char="194" source="{X=81,Y=82,Width=8,Height=17}" />
      <Glyph char="195" source="{X=91,Y=82,Width=8,Height=17}" />
      <Glyph char="196" source="{X=101,Y=82,Width=8,Height=17}" />
      <Glyph char="197" source="{X=111,Y=82,Width=8,Height=17}" />
      <Glyph char="198" source="{X=121,Y=82,Width=11,Height=17}" />
      <Glyph char="199" source="{X=134,Y=82,Width=8,Height=17}" />
      <Glyph char="200" source="{X=144,Y=82,Width=7,Height=17}" />
      <Glyph char="201" source="{X=153,Y=82,Width=7,Height=17}" />
      <Glyph char="202" source="{X=162,Y=82,Width=7,Height=17}" />
      <Glyph char="203" source="{X=171,Y=82,Width=7,Height=17}" />
      <Glyph char="204" source="{X=180,Y=82,Width=4,Height=17}" />
      <Glyph char="205" source="{X=186,Y=82,Width=4,Height=17}" />
      <Glyph char="206" source="{X=192,Y=82,Width=4,Height=17}" />
      <Glyph char="207" source="{X=198,Y=82,Width=4,Height=17}" />
      <Glyph char="208" source="{X=204,Y=82,Width=8,Height=17}" />
      <Glyph char="209" source="{X=214,Y=82,Width=9,Height=17}" />
      <Glyph char="210" source="{X=225,Y=82,Width=8,Height=17}" />
      <Glyph char="211" source="{X=235,Y=82,Width=8,Height=17}" />
      <Glyph char="212" source="{X=245,Y=82,Width=8,Height=17}" />
      <Glyph char="213" source="{X=1,Y=102,Width=8,Height=17}" />
      <Glyph char="214" source="{X=11,Y=102,Width=8,Height=17}" />
      <Glyph char="215" source="{X=21,Y=102,Width=6,Height=17}" />
      <Glyph char="216" source="{X=29,Y=102,Width=8,Height=17}" />
      <Glyph char="217" source="{X=39,Y=102,Width=9,Height=17}" />
      <Glyph char="218" source="{X=50,Y=102,Width=9,Height=17}" />
      <Glyph char="219" source="{X=61,Y=102,Width=9,Height=17}" />
      <Glyph char="220" source="{X=72,Y=102,Width=9,Height=17}" />
      <Glyph char="221" source="{X=83,Y=102,Width=8,Height=17}" />
      <Glyph char="222" source="{X=93,Y=102,Width=7,Height=17}" />
      <Glyph char="223" source="{X=102,Y=102,Width=8,Height=17}" />
      <Glyph char="224" source="{X=112,Y=102,Width=6,Height=17}" />
      <Glyph char="225" source="{X=120,Y=102,Width=6,Height=17}" />
      <Glyph char="226" source="{X=128,Y=102,Width=6,Height=17}" />
      <Glyph char="227" source="{X=136,Y=102,Width=6,Height=17}" />
      <Glyph char="228" source="{X=144,Y=102,Width=6,Height=17}" />
      <Glyph char="229" source="{X=152,Y=102,Width=6,Height=17}" />
      <Glyph char="230" source="{X=160,Y=102,Width=10,Height=17}" />
      <Glyph char="231" source="{X=172,Y=102,Width=6,Height=17}" />
      <Glyph char="232" source="{X=180,Y=102,Width=6,Height=17}" />
      <Glyph char="233" source="{X=188,Y=102,Width=6,Height=17}" />
      <Glyph char="234" source="{X=196,Y=102,Width=6,Height=17}" />
      <Glyph char="235" source="{X=204,Y=102,Width=6,Height=17}" />
      <Glyph char="236" source="{X=212,Y=102,Width=4,Height=17}" />
      <Glyph char="237" source="{X=218,Y=102,Width=4,Height=17}" />
      <Glyph char="238" source="{X=224,Y=102,Width=4,Height=17}" />
      <Glyph char="239" source="{X=230,Y=102,Width=4,Height=17}" />
      <Glyph char="240" source="{X=236,Y=102,Width=7,Height=17}" />
      <Glyph char="241" source="{X=245,Y=102,Width=8,Height=17}" />
      <Glyph char="242" source="{X=1,Y=122,Width=7,Height=17}" />
      <Glyph char="243" source="{X=10,Y=122,Width=7,Height=17}" />
      <Glyph char="244" source="{X=19,Y=122,Width=7,Height=17}" />
      <Glyph char="245" source="{X=28,Y=122,Width=7,Height=17}" />
      <Glyph char="246" source="{X=37,Y=122,Width=7,Height=17}" />
      <Glyph char="247" source="{X=46,Y=122,Width=6,Height=17}" />
      <Glyph char="248" source="{X=54,Y=122,Width=7,Height=17}" />
      <Glyph char="249" source="{X=63,Y=122,Width=7,Height=17}" />
      <Glyph char="250" source="{X=72,Y=122,Width=7,Height=17}" />
      <Glyph char="251" source="{X=81,Y=122,Width=7,Height=17}" />
      <Glyph char="252" source="{X=90,Y=122,Width=7,Height=17}" />
      <Glyph char="253" source="{X=99,Y=122,Width=7,Height=17}" />
      <Glyph char="254" source="{X=108,Y=122,Width=7,Height=17}" />
      <Glyph char="255" source="{X=117,Y=122,Width=7,Height=17}" />
    </Metrics>
  </BitmapFont>
  <BitmapFont name="Andika-14" image="fonts/Andika-14.png">
    <Metrics>
      <Glyph char="32" source="{X=1,Y=2,Width=5,Height=25}" />
      <Glyph char="33" source="{X=8,Y=2,Width=7,Height=25}" />
      <Glyph char="34" source="{X=17,Y=2,Width=10,Height=25}" />
      <Glyph char="35" source="{X=29,Y=2,Width=11,Height=25}" />
      <Glyph char="36" source="{X=42,Y=2,Width=11,Height=25}" />
      <Glyph char="37" source="{X=55,Y=2,Width=14,Height=25}" />
      <Glyph char="38" source="{X=71,Y=2,Width=11,Height=25}" />
      <Glyph char="39" source="{X=84,Y=2,Width=6,Height=25}" />
      <Glyph char="40" source="{X=92,Y=2,Width=7,Height=25}" />
      <Glyph char="41" source="{X=101,Y=2,Width=7,Height=25}" />
      <Glyph char="42" source="{X=110,Y=2,Width=10,Height=25}" />
      <Glyph char="43" source="{X=122,Y=2,Width=11,Height=25}" />
      <Glyph char="44" source="{X=135,Y=2,Width=6,Height=25}" />
      <Glyph char="45" source="{X=143,Y=2,Width=8,Height=25}" />
      <Glyph char="46" source="{X=153,Y=2,Width=6,Height=25}" />
      <Glyph char="47" source="{X=161,Y=2,Width=9,Height=25}" />
      <Glyph char="48" source="{X=172,Y=2,Width=11,Height=25}" />
      <Glyph char="49" source="{X=185,Y=2,Width=11,Height=25}" />
      <Glyph char="50" source="{X=198,Y=2,Width=11,Height=25}" />
      <Glyph char="51" source="{X=211,Y=2,Width=11,Height=25}" />
      <Glyph char="52" source="{X=224,Y=2,Width=11,Height=25}" />
      <Glyph char="53" source="{X=237,Y=2,Width=11,Height=25}" />
      <Glyph char="54" source="{X=1,Y=30,Width=11,Height=25}" />
      <Glyph char="55" source="{X=14,Y=30,Width=11,Height=25}" />
      <Glyph char="56" source="{X=27,Y=30,Width=11,Height=25}" />
      <Glyph char="57" source="{X=40,Y=30,Width=11,Height=25}" />
      <Glyph char="58" source="{X=53,Y=30,Width=6,Height=25}" />
      <Glyph char="59" source="{X=61,Y=30,Width=6,Height=25}" />
      <Glyph char="60" source="{X=69,Y=30,Width=11,Height=25}" />
      <Glyph char="61" source="{X=82,Y=30,Width=11,Height=25}" />
      <Glyph char="62" source="{X=95,Y=30,Width=11,Height=25}" />
      <Glyph char="63" source="{X=108,Y=30,Width=10,Height=25}" />
      <Glyph char="64" source="{X=120,Y=30,Width=16,Height=25}" />
      <Glyph char="65" source="{X=138,Y=30,Width=13,Height=25}" />
      <Glyph char="66" source="{X=153,Y=30,Width=12,Height=25}" />
      <Glyph char="67" source="{X=167,Y=30,Width=13,Height=25}" />
      <Glyph char="68" source="{X=182,Y=30,Width=13,Height=25}" />
      <Glyph char="69" source="{X=197,Y=30,Width=11,Height=25}" />
      <Glyph char="70" source="{X=210,Y=30,Width=11,Height=25}" />
      <Glyph char="71" source="{X=223,Y=30,Width=13,Height=25}" />
      <Glyph char="72" source="{X=238,Y=30,Width=14,Height=25}" />
      <Glyph char="73" source="{X=1,Y=58,Width=9,Height=25}" />
      <Glyph char="74" source="{X=12,Y=58,Width=9,Height=25}" />
      <Glyph char="75" source="{X=23,Y=58,Width=12,Height=25}" />
      <Glyph char="76" source="{X=37,Y=58,Width=10,Height=25}" />
      <Glyph char="77" source="{X=49,Y=58,Width=17,Height=25}" />
      <Glyph char="78" source="{X=68,Y=58,Width=14,Height=25}" />
      <Glyph char="79" source="{X=84,Y=58,Width=14,Height=25}" />
      <Glyph char="80" source="{X=100,Y=58,Width=11,Height=25}" />
      <Glyph char="81" source="{X=113,Y=58,Width=14,Height=25}" />
      <Glyph char="82" source="{X=129,Y=58,Width=12,Height=25}" />
      <Glyph char="83" source="{X=143,Y=58,Width=11,Height=25}" />
      <Glyph char="84" source="{X=156,Y=58,Width=12,Height=25}" />
      <Glyph char="85" source="{X=170,Y=58,Width=13,Height=25}" />
      <Glyph char="86" source="{X=185,Y=58,Width=13,Height=25}" />
      <Glyph char="87" source="{X=200,Y=58,Width=19,Height=25}" />
      <Glyph char="88" source="{X=221,Y=58,Width=12,Height=25}" />
      <Glyph char="89" source="{X=235,Y=58,Width=12,Height=25}" />
      <Glyph char="90" source="{X=1,Y=86,Width=11,Height=25}" />
      <Glyph char="91" source="{X=14,Y=86,Width=7,Height=25}" />
      <Glyph char="92" source="{X=23,Y=86,Width=10,Height=25}" />
      <Glyph char="93" source="{X=35,Y=86,Width=7,Height=25}" />
      <Glyph char="94" source="{X=44,Y=86,Width=10,Height=25}" />
      <Glyph char="95" source="{X=56,Y=86,Width=12,Height=25}" />
      <Glyph char="96" source="{X=70,Y=86,Width=5,Height=25}" />
      <Glyph char="97" source="{X=77,Y=86,Width=11,Height=25}" />
      <Glyph char="98" source="{X=90,Y=86,Width=11,Height=25}" />
      <Glyph char="99" source="{X=103,Y=86,Width=9,Height=25}" />
      <Glyph char="100" source="{X=114,Y=86,Width=11,Height=25}" />
      <Glyph char="101" source="{X=127,Y=86,Width=10,Height=25}" />
      <Glyph char="102" source="{X=139,Y=86,Width=7,Height=25}" />
      <Glyph char="103" source="{X=148,Y=86,Width=10,Height=25}" />
      <Glyph char="104" source="{X=160,Y=86,Width=11,Height=25}" />
      <Glyph char="105" source="{X=173,Y=86,Width=5,Height=25}" />
      <Glyph char="106" source="{X=180,Y=86,Width=6,Height=25}" />
      <Glyph char="107" source="{X=188,Y=86,Width=10,Height=25}" />
      <Glyph char="108" source="{X=200,Y=86,Width=5,Height=25}" />
      <Glyph char="109" source="{X=207,Y=86,Width=15,Height=25}" />
      <Glyph char="110" source="{X=224,Y=86,Width=11,Height=25}" />
      <Glyph char="111" source="{X=237,Y=86,Width=11,Height=25}" />
      <Glyph char="112" source="{X=1,Y=114,Width=11,Height=25}" />
      <Glyph char="113" source="{X=14,Y=114,Width=10,Height=25}" />
      <Glyph char="114" source="{X=26,Y=114,Width=8,Height=25}" />
      <Glyph char="115" source="{X=36,Y=114,Width=9,Height=25}" />
      <Glyph char="116" source="{X=47,Y=114,Width=8,Height=25}" />
      <Glyph char="117" source="{X=57,Y=114,Width=11,Height=25}" />
      <Glyph char="118" source="{X=70,Y=114,Width=10,Height=25}" />
      <Glyph char="119" source="{X=82,Y=114,Width=14,Height=25}" />
      <Glyph char="120" source="{X=98,Y=114,Width=10,Height=25}" />
      <Glyph char="121" source="{X=110,Y=114,Width=10,Height=25}" />
      <Glyph char="122" source="{X=122,Y=114,Width=10,Height=25}" />
      <Glyph char="123" source="{X=134,Y=114,Width=9,Height=25}" />
      <Glyph char="124" source="{X=145,Y=114,Width=6,Height=25}" />
      <Glyph char="125" source="{X=153,Y=114,Width=9,Height=25}" />
      <Glyph char="126" source="{X=164,Y=114,Width=10,Height=25}" />
      <Glyph char="161" source="{X=176,Y=114,Width=7,Height=25}" />
      <Glyph char="162" source="{X=185,Y=114,Width=11,Height=25}" />
      <Glyph char="163" source="{X=198,Y=114,Width=11,Height=25}" />
      <Glyph char="164" source="{X=211,Y=114,Width=11,Height=25}" />
      <Glyph char="165" source="{X=224,Y=114,Width=11,Height=25}" />
      <Glyph char="166" source="{X=237,Y=114,Width=10,Height=25}" />
      <Glyph char="167" source="{X=1,Y=142,Width=10,Height=25}" />
      <Glyph char="168" source="{X=13,Y=142,Width=6,Height=25}" />
      <Glyph char="169" source="{X=21,Y=142,Width=15,Height=25}" />
      <Glyph char="170" source="{X=38,Y=142,Width=6,Height=25}" />
      <Glyph char="171" source="{X=46,Y=142,Width=12,Height=25}" />
      <Glyph char="172" source="{X=60,Y=142,Width=11,Height=25}" />
      <Glyph char="173" source="{X=73,Y=142,Width=8,Height=25}" />
      <Glyph char="174" source="{X=83,Y=142,Width=16,Height=25}" />
      <Glyph char="175" source="{X=101,Y=142,Width=7,Height=25}" />
      <Glyph char="176" source="{X=110,Y=142,Width=6,Height=25}" />
      <Glyph char="177" source="{X=118,Y=142,Width=11,Height=25}" />
      <Glyph char="178" source="{X=131,Y=142,Width=7,Height=25}" />
      <Glyph char="179" source="{X=140,Y=142,Width=7,Height=25}" />
      <Glyph char="181" source="{X=149,Y=142,Width=11,Height=25}" />
      <Glyph char="182" source="{X=162,Y=142,Width=10,Height=25}" />
      <Glyph char="183" source="{X=174,Y=142,Width=6,Height=25}" />
      <Glyph char="184" source="{X=182,Y=142,Width=5,Height=25}" />
      <Glyph char="185" source="{X=189,Y=142,Width=8,Height=25}" />
      <Glyph char="186" source="{X=199,Y=142,Width=6,Height=25}" />
      <Glyph char="187" source="{X=207,Y=142,Width=12,Height=25}" />
      <Glyph char="188" source="{X=221,Y=142,Width=15,Height=25}" />
      <Glyph char="189" source="{X=238,Y=142,Width=15,Height=25}" />
      <Glyph char="190" source="{X=1,Y=170,Width=15,Height=25}" />
      <Glyph char="191" source="{X=18,Y=170,Width=10,Height=25}" />
      <Glyph char="192" source="{X=30,Y=170,Width=13,Height=25}" />
      <Glyph char="193" source="{X=45,Y=170,Width=13,Height=25}" />
      <Glyph char="194" source="{X=60,Y=170,Width=13,Height=25}" />
      <Glyph char="195" source="{X=75,Y=170,Width=13,Height=25}" />
      <Glyph char="196" source="{X=90,Y=170,Width=13,Height=25}" />
      <Glyph char="197" source="{X=105,Y=170,Width=13,Height=25}" />
      <Glyph char="198" source="{X=120,Y=170,Width=17,Height=25}" />
      <Glyph char="199" source="{X=139,Y=170,Width=13,Height=25}" />
      <Glyph char="200" source="{X=154,Y=170,Width=11,Height=25}" />
      <Glyph char="201" source="{X=167,Y=170,Width=11,Height=25}" />
      <Glyph char="202" source="{X=180,Y=170,Width=11,Height=25}" />
      <Glyph char="203" source="{X=193,Y=170,Width=11,Height=25}" />
      <Glyph char="204" source="{X=206,Y=170,Width=9,Height=25}" />
      <Glyph char="205" source="{X=217,Y=170,Width=9,Height=25}" />
      <Glyph char="206" source="{X=228,Y=170,Width=9,Height=25}" />
      <Glyph char="207" source="{X=239,Y=170,Width=9,Height=25}" />
      <Glyph char="208" source="{X=1,Y=198,Width=13,Height=25}" />
      <Glyph char="209" source="{X=16,Y=198,Width=14,Height=25}" />
      <Glyph char="210" source="{X=32,Y=198,Width=14,Height=25}" />
      <Glyph char="211" source="{X=48,Y=198,Width=14,Height=25}" />
      <Glyph char="212" source="{X=64,Y=198,Width=14,Height=25}" />
      <Glyph char="213" source="{X=80,Y=198,Width=14,Height=25}" />
      <Glyph char="214" source="{X=96,Y=198,Width=14,Height=25}" />
      <Glyph char="215" source="{X=112,Y=198,Width=11,Height=25}" />
      <Glyph char="216" source="{X=125,Y=198,Width=14,Height=25}" />
      <Glyph char="217" source="{X=141,Y=198,Width=13,Height=25}" />
      <Glyph char="218" source="{X=156,Y=198,Width=13,Height=25}" />
      <Glyph char="219" source="{X=171,Y=198,Width=13,Height=25}" />
      <Glyph char="220" source="{X=186,Y=198,Width=13,Height=25}" />
      <Glyph char="221" source="{X=201,Y=198,Width=12,Height=25}" />
      <Glyph char="222" source="{X=215,Y=198,Width=11,Height=25}" />
      <Glyph char="223" source="{X=228,Y=198,Width=12,Height=25}" />
      <Glyph char="224" source="{X=242,Y=198,Width=11,Height=25}" />
      <Glyph char="225" source="{X=1,Y=226,Width=11,Height=25}" />
      <Glyph char="226" source="{X=14,Y=226,Width=11,Height=25}" />
      <Glyph char="227" source="{X=27,Y=226,Width=11,Height=25}" />
      <Glyph char="228" source="{X=40,Y=226,Width=11,Height=25}" />
      <Glyph char="229" source="{X=53,Y=226,Width=11,Height=25}" />
      <Glyph char="230" source="{X=66,Y=226,Width=16,Height=25}" />
      <Glyph char="231" source="{X=84,Y=226,Width=9,Height=25}" />
      <Glyph char="232" source="{X=95,Y=226,Width=10,Height=25}" />
      <Glyph char="233" source="{X=107,Y=226,Width=10,Height=25}" />
      <Glyph char="234" source="{X=119,Y=226,Width=10,Height=25}" />
      <Glyph char="235" source="{X=131,Y=226,Width=10,Height=25}" />
      <Glyph char="236" source="{X=143,Y=226,Width=5,Height=25}" />
      <Glyph char="237" source="{X=150,Y=226,Width=5,Height=25}" />
      <Glyph char="238" source="{X=157,Y=226,Width=5,Height=25}" />
      <Glyph char="239" source="{X=164,Y=226,Width=5,Height=25}" />
      <Glyph char="240" source="{X=171,Y=226,Width=11,Height=25}" />
      <Glyph char="241" source="{X=184,Y=226,Width=11,Height=25}" />
      <Glyph char="242" source="{X=197,Y=226,Width=11,Height=25}" />
      <Glyph char="243" source="{X=210,Y=226,Width=11,Height=25}" />
      <Glyph char="244" source="{X=223,Y=226,Width=11,Height=25}" />
      <Glyph char="245" source="{X=236,Y=226,Width=11,Height=25}" />
      <Glyph char="246" source="{X=1,Y=254,Width=11,Height=25}" />
      <Glyph char="247" source="{X=14,Y=254,Width=11,Height=25}" />
      <Glyph char="248" source="{X=27,Y=254,Width=11,Height=25}" />
      <Glyph char="249" source="{X=40,Y=254,Width=11,Height=25}" />
      <Glyph char="250" source="{X=53,Y=254,Width=11,Height=25}" />
      <Glyph char="251" source="{X=66,Y=254,Width=11,Height=25}" />
      <Glyph char="252" source="{X=79,Y=254,Width=11,Height=25}" />
      <Glyph char="253" source="{X=92,Y=254,Width=10,Height=25}" />
      <Glyph char="254" source="{X=104,Y=254,Width=11,Height=25}" />
      <Glyph char="255" source="{X=117,Y=254,Width=10,Height=25}" />
    </Metrics>
  </BitmapFont>
  <BitmapFont name="Andika-10" image="fonts/Andika-10.png">
    <Metrics>
      <Glyph char="32" source="{X=1,Y=2,Width=4,Height=18}" />
      <Glyph char="33" source="{X=7,Y=2,Width=5,Height=18}" />
      <Glyph char="34" source="{X=14,Y=2,Width=7,Height=18}" />
      <Glyph char="35" source="{X=23,Y=2,Width=8,Height=18}" />
      <Glyph char="36" source="{X=33,Y=2,Width=9,Height=18}" />
      <Glyph char="37" source="{X=44,Y=2,Width=11,Height=18}" />
      <Glyph char="38" source="{X=57,Y=2,Width=8,Height=18}" />
      <Glyph char="39" source="{X=67,Y=2,Width=4,Height=18}" />
      <Glyph char="40" source="{X=73,Y=2,Width=5,Height=18}" />
      <Glyph char="41" source="{X=80,Y=2,Width=5,Height=18}" />
      <Glyph char="42" source="{X=87,Y=2,Width=7,Height=18}" />
      <Glyph char="43" source="{X=96,Y=2,Width=8,Height=18}" />
      <Glyph char="44" source="{X=106,Y=2,Width=4,Height=18}" />
      <Glyph char="45" source="{X=112,Y=2,Width=6,Height=18}" />
      <Glyph char="46" source="{X=120,Y=2,Width=4,Height=18}" />
      <Glyph char="47" source="{X=126,Y=2,Width=7,Height=18}" />
      <Glyph char="48" source="{X=135,Y=2,Width=8,Height=18}" />
      <Glyph char="49" source="{X=145,Y=2,Width=8,Height=18}" />
      <Glyph char="50" source="{X=155,Y=2,Width=8,Height=18}" />
      <Glyph char="51" source="{X=165,Y=2,Width=8,Height=18}" />
      <Glyph char="52" source="{X=175,Y=2,Width=8,Height=18}" />
      <Glyph char="53" source="{X=185,Y=2,Width=8,Height=18}" />
      <Glyph char="54" source="{X=195,Y=2,Width=8,Height=18}" />
      <Glyph char="55" source="{X=205,Y=2,Width=8,Height=18}" />
      <Glyph char="56" source="{X=215,Y=2,Width=8,Height=18}" />
      <Glyph char="57" source="{X=225,Y=2,Width=8,Height=18}" />
      <Glyph char="58" source="{X=235,Y=2,Width=4,Height=18}" />
      <Glyph char="59" source="{X=241,Y=2,Width=4,Height=18}" />
      <Glyph char="60" source="{X=247,Y=2,Width=8,Height=18}" />
      <Glyph char="61" source="{X=1,Y=23,Width=8,Height=18}" />
      <Glyph char="62" source="{X=11,Y=23,Width=8,Height=18}" />
      <Glyph char="63" source="{X=21,Y=23,Width=7,Height=18}" />
      <Glyph char="64" source="{X=30,Y=23,Width=12,Height=18}" />
      <Glyph char="65" source="{X=44,Y=23,Width=10,Height=18}" />
      <Glyph char="66" source="{X=56,Y=23,Width=9,Height=18}" />
      <Glyph char="67" source="{X=67,Y=23,Width=9,Height=18}" />
      <Glyph char="68" source="{X=78,Y=23,Width=10,Height=18}" />
      <Glyph char="69" source="{X=90,Y=23,Width=8,Height=18}" />
      <Glyph char="70" source="{X=100,Y=23,Width=8,Height=18}" />
      <Glyph char="71" source="{X=110,Y=23,Width=10,Height=18}" />
      <Glyph char="72" source="{X=122,Y=23,Width=10,Height=18}" />
      <Glyph char="73" source="{X=134,Y=23,Width=7,Height=18}" />
      <Glyph char="74" source="{X=143,Y=23,Width=6,Height=18}" />
      <Glyph char="75" source="{X=151,Y=23,Width=9,Height=18}" />
      <Glyph char="76" source="{X=162,Y=23,Width=7,Height=18}" />
      <Glyph char="77" source="{X=171,Y=23,Width=12,Height=18}" />
      <Glyph char="78" source="{X=185,Y=23,Width=10,Height=18}" />
      <Glyph char="79" source="{X=197,Y=23,Width=10,Height=18}" />
      <Glyph char="80" source="{X=209,Y=23,Width=8,Height=18}" />
      <Glyph char="81" source="{X=219,Y=23,Width=10,Height=18}" />
      <Glyph char="82" source="{X=231,Y=23,Width=9,Height=18}" />
      <Glyph char="83" source="{X=242,Y=23,Width=8,Height=18}" />
      <Glyph char="84" source="{X=1,Y=44,Width=9,Height=18}" />
      <Glyph char="85" source="{X=12,Y=44,Width=10,Height=18}" />
      <Glyph char="86" source="{X=24,Y=44,Width=9,Height=18}" />
      <Glyph char="87" source="{X=35,Y=44,Width=14,Height=18}" />
      <Glyph char="88" source="{X=51,Y=44,Width=9,Height=18}" />
      <Glyph char="89" source="{X=62,Y=44,Width=9,Height=18}" />
      <Glyph char="90" source="{X=73,Y=44,Width=8,Height=18}" />
      <Glyph char="91" source="{X=83,Y=44,Width=5,Height=18}" />
      <Glyph char="92" source="{X=90,Y=44,Width=7,Height=18}" />
      <Glyph char="93" source="{X=99,Y=44,Width=5,Height=18}" />
      <Glyph char="94" source="{X=106,Y=44,Width=8,Height=18}" />
      <Glyph char="95" source="{X=116,Y=44,Width=9,Height=18}" />
      <Glyph char="96" source="{X=127,Y=44,Width=4,Height=18}" />
      <Glyph char="97" source="{X=133,Y=44,Width=8,Height=18}" />
      <Glyph char="98" source="{X=143,Y=44,Width=8,Height=18}" />
      <Glyph char="99" source="{X=153,Y=44,Width=7,Height=18}" />
      <Glyph char="100" source="{X=162,Y=44,Width=8,Height=18}" />
      <Glyph char="101" source="{X=172,Y=44,Width=7,Height=18}" />
      <Glyph char="102" source="{X=181,Y=44,Width=5,Height=18}" />
      <Glyph char="103" source="{X=188,Y=44,Width=8,Height=18}" />
      <Glyph char="104" source="{X=198,Y=44,Width=8,Height=18}" />
      <Glyph char="105" source="{X=208,Y=44,Width=4,Height=18}" />
      <Glyph char="106" source="{X=214,Y=44,Width=4,Height=18}" />
      <Glyph char="107" source="{X=220,Y=44,Width=7,Height=18}" />
      <Glyph char="108" source="{X=229,Y=44,Width=4,Height=18}" />
      <Glyph char="109" source="{X=235,Y=44,Width=11,Height=18}" />
      <Glyph char="110" source="{X=248,Y=44,Width=8,Height=18}" />
      <Glyph char="111" source="{X=1,Y=65,Width=8,Height=18}" />
      <Glyph char="112" source="{X=11,Y=65,Width=8,Height=18}" />
      <Glyph char="113" source="{X=21,Y=65,Width=8,Height=18}" />
      <Glyph char="114" source="{X=31,Y=65,Width=6,Height=18}" />
      <Glyph char="115" source="{X=39,Y=65,Width=7,Height=18}" />
      <Glyph char="116" source="{X=48,Y=65,Width=6,Height=18}" />
      <Glyph char="117" source="{X=56,Y=65,Width=8,Height=18}" />
      <Glyph char="118" source="{X=66,Y=65,Width=7,Height=18}" />
      <Glyph char="119" source="{X=75,Y=65,Width=11,Height=18}" />
      <Glyph char="120" source="{X=88,Y=65,Width=7,Height=18}" />
      <Glyph char="121" source="{X=97,Y=65,Width=7,Height=18}" />
      <Glyph char="122" source="{X=106,Y=65,Width=7,Height=18}" />
      <Glyph char="123" source="{X=115,Y=65,Width=7,Height=18}" />
      <Glyph char="124" source="{X=124,Y=65,Width=5,Height=18}" />
      <Glyph char="125" source="{X=131,Y=65,Width=7,Height=18}" />
      <Glyph char="126" source="{X=140,Y=65,Width=7,Height=18}" />
      <Glyph char="161" source="{X=149,Y=65,Width=5,Height=18}" />
      <Glyph char="162" source="{X=156,Y=65,Width=8,Height=18}" />
      <Glyph char="163" source="{X=166,Y=65,Width=8,Height=18}" />
      <Glyph char="164" source="{X=176,Y=65,Width=8,Height=18}" />
      <Glyph char="165" source="{X=186,Y=65,Width=8,Height=18}" />
      <Glyph char="166" source="{X=196,Y=65,Width=7,Height=18}" />
      <Glyph char="167" source="{X=205,Y=65,Width=7,Height=18}" />
      <Glyph char="168" source="{X=214,Y=65,Width=5,Height=18}" />
      <Glyph char="169" source="{X=221,Y=65,Width=11,Height=18}" />
      <Glyph char="170" source="{X=234,Y=65,Width=5,Height=18}" />
      <Glyph char="171" source="{X=241,Y=65,Width=9,Height=18}" />
      <Glyph char="172" source="{X=1,Y=86,Width=8,Height=18}" />
      <Glyph char="173" source="{X=11,Y=86,Width=6,Height=18}" />
      <Glyph char="174" source="{X=19,Y=86,Width=12,Height=18}" />
      <Glyph char="175" source="{X=33,Y=86,Width=5,Height=18}" />
      <Glyph char="176" source="{X=40,Y=86,Width=4,Height=18}" />
      <Glyph char="177" source="{X=46,Y=86,Width=8,Height=18}" />
      <Glyph char="178" source="{X=56,Y=86,Width=5,Height=18}" />
      <Glyph char="179" source="{X=63,Y=86,Width=5,Height=18}" />
      <Glyph char="181" source="{X=70,Y=86,Width=8,Height=18}" />
      <Glyph char="182" source="{X=80,Y=86,Width=7,Height=18}" />
      <Glyph char="183" source="{X=89,Y=86,Width=5,Height=18}" />
      <Glyph char="184" source="{X=96,Y=86,Width=4,Height=18}" />
      <Glyph char="185" source="{X=102,Y=86,Width=6,Height=18}" />
      <Glyph char="186" source="{X=110,Y=86,Width=5,Height=18}" />
      <Glyph char="187" source="{X=117,Y=86,Width=9,Height=18}" />
      <Glyph char="188" source="{X=128,Y=86,Width=11,Height=18}" />
      <Glyph char="189" source="{X=141,Y=86,Width=11,Height=18}" />
      <Glyph char="190" source="{X=154,Y=86,Width=11,Height=18}" />
      <Glyph char="191" source="{X=167,Y=86,Width=7,Height=18}" />
      <Glyph char="192" source="{X=176,Y=86,Width=10,Height=18}" />
      <Glyph char="193" source="{X=188,Y=86,Width=10,Height=18}" />
      <Glyph char="194" source="{X=200,Y=86,Width=10,Height=18}" />
      <Glyph char="195" source="{X=212,Y=86,Width=10,Height=18}" />
      <Glyph char="196" source="{X=224,Y=86,Width=10,Height=18}" />
      <Glyph char="197" source="{X=236,Y=86,Width=10,Height=18}" />
      <Glyph char="198" source="{X=1,Y=107,Width=12,Height=18}" />
      <Glyph char="199" source="{X=15,Y=107,Width=9,Height=18}" />
      <Glyph char="200" source="{X=26,Y=107,Width=8,Height=18}" />
      <Glyph char="201" source="{X=36,Y=107,Width=8,Height=18}" />
      <Glyph char="202" source="{X=46,Y=107,Width=8,Height=18}" />
      <Glyph char="203" source="{X=56,Y=107,Width=8,Height=18}" />
      <Glyph char="204" source="{X=66,Y=107,Width=7,Height=18}" />
      <Glyph char="205" source="{X=75,Y=107,Width=7,Height=18}" />
      <Glyph char="206" source="{X=84,Y=107,Width=7,Height=18}" />
      <Glyph char="207" source="{X=93,Y=107,Width=7,Height=18}" />
      <Glyph char="208" source="{X=102,Y=107,Width=10,Height=18}" />
      <Glyph char="209" source="{X=114,Y=107,Width=10,Height=18}" />
      <Glyph char="210" source="{X=126,Y=107,Width=10,Height=18}" />
      <Glyph char="211" source="{X=138,Y=107,Width=10,Height=18}" />
      <Glyph char="212" source="{X=150,Y=107,Width=10,Height=18}" />
      <Glyph char="213" source="{X=162,Y=107,Width=10,Height=18}" />
      <Glyph char="214" source="{X=174,Y=107,Width=10,Height=18}" />
      <Glyph char="215" source="{X=186,Y=107,Width=8,Height=18}" />
      <Glyph char="216" source="{X=196,Y=107,Width=10,Height=18}" />
      <Glyph char="217" source="{X=208,Y=107,Width=10,Height=18}" />
      <Glyph char="218" source="{X=220,Y=107,Width=10,Height=18}" />
      <Glyph char="219" source="{X=232,Y=107,Width=10,Height=18}" />
      <Glyph char="220" source="{X=244,Y=107,Width=10,Height=18}" />
      <Glyph char="221" source="{X=1,Y=128,Width=9,Height=18}" />
      <Glyph char="222" source="{X=12,Y=128,Width=8,Height=18}" />
      <Glyph char="223" source="{X=22,Y=128,Width=9,Height=18}" />
      <Glyph char="224" source="{X=33,Y=128,Width=8,Height=18}" />
      <Glyph char="225" source="{X=43,Y=128,Width=8,Height=18}" />
      <Glyph char="226" source="{X=53,Y=128,Width=8,Height=18}" />
      <Glyph char="227" source="{X=63,Y=128,Width=8,Height=18}" />
      <Glyph char="228" source="{X=73,Y=128,Width=8,Height=18}" />
      <Glyph char="229" source="{X=83,Y=128,Width=8,Height=18}" />
      <Glyph char="230" source="{X=93,Y=128,Width=12,Height=18}" />
      <Glyph char="231" source="{X=107,Y=128,Width=7,Height=18}" />
      <Glyph char="232" source="{X=116,Y=128,Width=7,Height=18}" />
      <Glyph char="233" source="{X=125,Y=128,Width=7,Height=18}" />
      <Glyph char="234" source="{X=134,Y=128,Width=7,Height=18}" />
      <Glyph char="235" source="{X=143,Y=128,Width=7,Height=18}" />
      <Glyph char="236" source="{X=152,Y=128,Width=4,Height=18}" />
      <Glyph char="237" source="{X=158,Y=128,Width=4,Height=18}" />
      <Glyph char="238" source="{X=164,Y=128,Width=4,Height=18}" />
      <Glyph char="239" source="{X=170,Y=128,Width=4,Height=18}" />
      <Glyph char="240" source="{X=176,Y=128,Width=8,Height=18}" />
      <Glyph char="241" source="{X=186,Y=128,Width=8,Height=18}" />
      <Glyph char="242" source="{X=196,Y=128,Width=8,Height=18}" />
      <Glyph char="243" source="{X=206,Y=128,Width=8,Height=18}" />
      <Glyph char="244" source="{X=216,Y=128,Width=8,Height=18}" />
      <Glyph char="245" source="{X=226,Y=128,Width=8,Height=18}" />
      <Glyph char="246" source="{X=236,Y=128,Width=8,Height=18}" />
      <Glyph char="247" source="{X=246,Y=128,Width=8,Height=18}" />
      <Glyph char="248" source="{X=1,Y=149,Width=8,Height=18}" />
      <Glyph char="249" source="{X=11,Y=149,Width=8,Height=18}" />
      <Glyph char="250" source="{X=21,Y=149,Width=8,Height=18}" />
      <Glyph char="251" source="{X=31,Y=149,Width=8,Height=18}" />
      <Glyph char="252" source="{X=41,Y=149,Width=8,Height=18}" />
      <Glyph char="253" source="{X=51,Y=149,Width=7,Height=18}" />
      <Glyph char="254" source="{X=60,Y=149,Width=8,Height=18}" />
      <Glyph char="255" source="{X=70,Y=149,Width=7,Height=18}" />
    </Metrics>
  </BitmapFont>
  <BitmapFont name="Andika-12" image="fonts/Andika-12.png">
    <Metrics>
      <Glyph char="32" source="{X=1,Y=2,Width=4,Height=22}" />
      <Glyph char="33" source="{X=7,Y=2,Width=6,Height=22}" />
      <Glyph char="34" source="{X=15,Y=2,Width=8,Height=22}" />
      <Glyph char="35" source="{X=25,Y=2,Width=9,Height=22}" />
      <Glyph char="36" source="{X=36,Y=2,Width=8,Height=22}" />
      <Glyph char="37" source="{X=46,Y=2,Width=12,Height=22}" />
      <Glyph char="38" source="{X=60,Y=2,Width=10,Height=22}" />
      <Glyph char="39" source="{X=72,Y=2,Width=5,Height=22}" />
      <Glyph char="40" source="{X=79,Y=2,Width=6,Height=22}" />
      <Glyph char="41" source="{X=87,Y=2,Width=6,Height=22}" />
      <Glyph char="42" source="{X=95,Y=2,Width=8,Height=22}" />
      <Glyph char="43" source="{X=105,Y=2,Width=9,Height=22}" />
      <Glyph char="44" source="{X=116,Y=2,Width=5,Height=22}" />
      <Glyph char="45" source="{X=123,Y=2,Width=7,Height=22}" />
      <Glyph char="46" source="{X=132,Y=2,Width=5,Height=22}" />
      <Glyph char="47" source="{X=139,Y=2,Width=8,Height=22}" />
      <Glyph char="48" source="{X=149,Y=2,Width=9,Height=22}" />
      <Glyph char="49" source="{X=160,Y=2,Width=9,Height=22}" />
      <Glyph char="50" source="{X=171,Y=2,Width=9,Height=22}" />
      <Glyph char="51" source="{X=182,Y=2,Width=9,Height=22}" />
      <Glyph char="52" source="{X=193,Y=2,Width=9,Height=22}" />
      <Glyph char="53" source="{X=204,Y=2,Width=9,Height=22}" />
      <Glyph char="54" source="{X=215,Y=2,Width=9,Height=22}" />
      <Glyph char="55" source="{X=226,Y=2,Width=9,Height=22}" />
      <Glyph char="56" source="{X=237,Y=2,Width=9,Height=22}" />
      <Glyph char="57" source="{X=1,Y=27,Width=9,Height=22}" />
      <Glyph char="58" source="{X=12,Y=27,Width=5,Height=22}" />
      <Glyph char="59" source="{X=19,Y=27,Width=5,Height=22}" />
      <Glyph char="60" source="{X=26,Y=27,Width=9,Height=22}" />
      <Glyph char="61" source="{X=37,Y=27,Width=9,Height=22}" />
      <Glyph char="62" source="{X=48,Y=27,Width=9,Height=22}" />
      <Glyph char="63" source="{X=59,Y=27,Width=8,Height=22}" />
      <Glyph char="64" source="{X=69,Y=27,Width=13,Height=22}" />
      <Glyph char="65" source="{X=84,Y=27,Width=11,Height=22}" />
      <Glyph char="66" source="{X=97,Y=27,Width=10,Height=22}" />
      <Glyph char="67" source="{X=109,Y=27,Width=11,Height=22}" />
      <Glyph char="68" source="{X=122,Y=27,Width=11,Height=22}" />
      <Glyph char="69" source="{X=135,Y=27,Width=9,Height=22}" />
      <Glyph char="70" source="{X=146,Y=27,Width=9,Height=22}" />
      <Glyph char="71" source="{X=157,Y=27,Width=11,Height=22}" />
      <Glyph char="72" source="{X=170,Y=27,Width=12,Height=22}" />
      <Glyph char="73" source="{X=184,Y=27,Width=8,Height=22}" />
      <Glyph char="74" source="{X=194,Y=27,Width=7,Height=22}" />
      <Glyph char="75" source="{X=203,Y=27,Width=10,Height=22}" />
      <Glyph char="76" source="{X=215,Y=27,Width=8,Height=22}" />
      <Glyph char="77" source="{X=225,Y=27,Width=14,Height=22}" />
      <Glyph char="78" source="{X=241,Y=27,Width=12,Height=22}" />
      <Glyph char="79" source="{X=1,Y=52,Width=11,Height=22}" />
      <Glyph char="80" source="{X=14,Y=52,Width=9,Height=22}" />
      <Glyph char="81" source="{X=25,Y=52,Width=12,Height=22}" />
      <Glyph char="82" source="{X=39,Y=52,Width=10,Height=22}" />
      <Glyph char="83" source="{X=51,Y=52,Width=9,Height=22}" />
      <Glyph char="84" source="{X=62,Y=52,Width=10,Height=22}" />
      <Glyph char="85" source="{X=74,Y=52,Width=11,Height=22}" />
      <Glyph char="86" source="{X=87,Y=52,Width=11,Height=22}" />
      <Glyph char="87" source="{X=100,Y=52,Width=16,Height=22}" />
      <Glyph char="88" source="{X=118,Y=52,Width=10,Height=22}" />
      <Glyph char="89" source="{X=130,Y=52,Width=10,Height=22}" />
      <Glyph char="90" source="{X=142,Y=52,Width=10,Height=22}" />
      <Glyph char="91" source="{X=154,Y=52,Width=6,Height=22}" />
      <Glyph char="92" source="{X=162,Y=52,Width=8,Height=22}" />
      <Glyph char="93" source="{X=172,Y=52,Width=6,Height=22}" />
      <Glyph char="94" source="{X=180,Y=52,Width=9,Height=22}" />
      <Glyph char="95" source="{X=191,Y=52,Width=10,Height=22}" />
      <Glyph char="96" source="{X=203,Y=52,Width=5,Height=22}" />
      <Glyph char="97" source="{X=210,Y=52,Width=9,Height=22}" />
      <Glyph char="98" source="{X=221,Y=52,Width=9,Height=22}" />
      <Glyph char="99" source="{X=232,Y=52,Width=8,Height=22}" />
      <Glyph char="100" source="{X=242,Y=52,Width=9,Height=22}" />
      <Glyph char="101" source="{X=1,Y=77,Width=9,Height=22}" />
      <Glyph char="102" source="{X=12,Y=77,Width=6,Height=22}" />
      <Glyph char="103" source="{X=20,Y=77,Width=9,Height=22}" />
      <Glyph char="104" source="{X=31,Y=77,Width=9,Height=22}" />
      <Glyph char="105" source="{X=42,Y=77,Width=4,Height=22}" />
      <Glyph char="106" source="{X=48,Y=77,Width=5,Height=22}" />
      <Glyph char="107" source="{X=55,Y=77,Width=8,Height=22}" />
      <Glyph char="108" source="{X=65,Y=77,Width=4,Height=22}" />
      <Glyph char="109" source="{X=71,Y=77,Width=13,Height=22}" />
      <Glyph char="110" source="{X=86,Y=77,Width=9,Height=22}" />
      <Glyph char="111" source="{X=97,Y=77,Width=9,Height=22}" />
      <Glyph char="112" source="{X=108,Y=77,Width=9,Height=22}" />
      <Glyph char="113" source="{X=119,Y=77,Width=9,Height=22}" />
      <Glyph char="114" source="{X=130,Y=77,Width=7,Height=22}" />
      <Glyph char="115" source="{X=139,Y=77,Width=8,Height=22}" />
      <Glyph char="116" source="{X=149,Y=77,Width=7,Height=22}" />
      <Glyph char="117" source="{X=158,Y=77,Width=9,Height=22}" />
      <Glyph char="118" source="{X=169,Y=77,Width=8,Height=22}" />
      <Glyph char="119" source="{X=179,Y=77,Width=12,Height=22}" />
      <Glyph char="120" source="{X=193,Y=77,Width=8,Height=22}" />
      <Glyph char="121" source="{X=203,Y=77,Width=8,Height=22}" />
      <Glyph char="122" source="{X=213,Y=77,Width=8,Height=22}" />
      <Glyph char="123" source="{X=223,Y=77,Width=8,Height=22}" />
      <Glyph char="124" source="{X=233,Y=77,Width=5,Height=22}" />
      <Glyph char="125" source="{X=240,Y=77,Width=8,Height=22}" />
      <Glyph char="126" source="{X=1,Y=102,Width=8,Height=22}" />
      <Glyph char="161" source="{X=11,Y=102,Width=6,Height=22}" />
      <Glyph char="162" source="{X=19,Y=102,Width=9,Height=22}" />
      <Glyph char="163" source="{X=30,Y=102,Width=9,Height=22}" />
      <Glyph char="164" source="{X=41,Y=102,Width=9,Height=22}" />
      <Glyph char="165" source="{X=52,Y=102,Width=9,Height=22}" />
      <Glyph char="166" source="{X=63,Y=102,Width=8,Height=22}" />
      <Glyph char="167" source="{X=73,Y=102,Width=8,Height=22}" />
      <Glyph char="168" source="{X=83,Y=102,Width=5,Height=22}" />
      <Glyph char="169" source="{X=90,Y=102,Width=12,Height=22}" />
      <Glyph char="170" source="{X=104,Y=102,Width=5,Height=22}" />
      <Glyph char="171" source="{X=111,Y=102,Width=10,Height=22}" />
      <Glyph char="172" source="{X=123,Y=102,Width=9,Height=22}" />
      <Glyph char="173" source="{X=134,Y=102,Width=7,Height=22}" />
      <Glyph char="174" source="{X=143,Y=102,Width=13,Height=22}" />
      <Glyph char="175" source="{X=158,Y=102,Width=6,Height=22}" />
      <Glyph char="176" source="{X=166,Y=102,Width=5,Height=22}" />
      <Glyph char="177" source="{X=173,Y=102,Width=9,Height=22}" />
      <Glyph char="178" source="{X=184,Y=102,Width=6,Height=22}" />
      <Glyph char="179" source="{X=192,Y=102,Width=6,Height=22}" />
      <Glyph char="181" source="{X=200,Y=102,Width=9,Height=22}" />
      <Glyph char="182" source="{X=211,Y=102,Width=8,Height=22}" />
      <Glyph char="183" source="{X=221,Y=102,Width=5,Height=22}" />
      <Glyph char="184" source="{X=228,Y=102,Width=4,Height=22}" />
      <Glyph char="185" source="{X=234,Y=102,Width=7,Height=22}" />
      <Glyph char="186" source="{X=243,Y=102,Width=5,Height=22}" />
      <Glyph char="187" source="{X=1,Y=127,Width=10,Height=22}" />
      <Glyph char="188" source="{X=13,Y=127,Width=13,Height=22}" />
      <Glyph char="189" source="{X=28,Y=127,Width=13,Height=22}" />
      <Glyph char="190" source="{X=43,Y=127,Width=13,Height=22}" />
      <Glyph char="191" source="{X=58,Y=127,Width=8,Height=22}" />
      <Glyph char="192" source="{X=68,Y=127,Width=11,Height=22}" />
      <Glyph char="193" source="{X=81,Y=127,Width=11,Height=22}" />
      <Glyph char="194" source="{X=94,Y=127,Width=11,Height=22}" />
      <Glyph char="195" source="{X=107,Y=127,Width=11,Height=22}" />
      <Glyph char="196" source="{X=120,Y=127,Width=11,Height=22}" />
      <Glyph char="197" source="{X=133,Y=127,Width=11,Height=22}" />
      <Glyph char="198" source="{X=146,Y=127,Width=14,Height=22}" />
      <Glyph char="199" source="{X=162,Y=127,Width=11,Height=22}" />
      <Glyph char="200" source="{X=175,Y=127,Width=9,Height=22}" />
      <Glyph char="201" source="{X=186,Y=127,Width=9,Height=22}" />
      <Glyph char="202" source="{X=197,Y=127,Width=9,Height=22}" />
      <Glyph char="203" source="{X=208,Y=127,Width=9,Height=22}" />
      <Glyph char="204" source="{X=219,Y=127,Width=8,Height=22}" />
      <Glyph char="205" source="{X=229,Y=127,Width=8,Height=22}" />
      <Glyph char="206" source="{X=239,Y=127,Width=8,Height=22}" />
      <Glyph char="207" source="{X=1,Y=152,Width=8,Height=22}" />
      <Glyph char="208" source="{X=11,Y=152,Width=11,Height=22}" />
      <Glyph char="209" source="{X=24,Y=152,Width=12,Height=22}" />
      <Glyph char="210" source="{X=38,Y=152,Width=11,Height=22}" />
      <Glyph char="211" source="{X=51,Y=152,Width=11,Height=22}" />
      <Glyph char="212" source="{X=64,Y=152,Width=11,Height=22}" />
      <Glyph char="213" source="{X=77,Y=152,Width=11,Height=22}" />
      <Glyph char="214" source="{X=90,Y=152,Width=11,Height=22}" />
      <Glyph char="215" source="{X=103,Y=152,Width=9,Height=22}" />
      <Glyph char="216" source="{X=114,Y=152,Width=11,Height=22}" />
      <Glyph char="217" source="{X=127,Y=152,Width=11,Height=22}" />
      <Glyph char="218" source="{X=140,Y=152,Width=11,Height=22}" />
      <Glyph char="219" source="{X=153,Y=152,Width=11,Height=22}" />
      <Glyph char="220" source="{X=166,Y=152,Width=11,Height=22}" />
      <Glyph char="221" source="{X=179,Y=152,Width=10,Height=22}" />
      <Glyph char="222" source="{X=191,Y=152,Width=9,Height=22}" />
      <Glyph char="223" source="{X=202,Y=152,Width=10,Height=22}" />
      <Glyph char="224" source="{X=214,Y=152,Width=9,Height=22}" />
      <Glyph char="225" source="{X=225,Y=152,Width=9,Height=22}" />
      <Glyph char="226" source="{X=236,Y=152,Width=9,Height=22}" />
      <Glyph char="227" source="{X=247,Y=152,Width=9,Height=22}" />
      <Glyph char="228" source="{X=1,Y=177,Width=9,Height=22}" />
      <Glyph char="229" source="{X=12,Y=177,Width=9,Height=22}" />
      <Glyph char="230" source="{X=23,Y=177,Width=14,Height=22}" />
      <Glyph char="231" source="{X=39,Y=177,Width=8,Height=22}" />
      <Glyph char="232" source="{X=49,Y=177,Width=9,Height=22}" />
      <Glyph char="233" source="{X=60,Y=177,Width=9,Height=22}" />
      <Glyph char="234" source="{X=71,Y=177,Width=9,Height=22}" />
      <Glyph char="235" source="{X=82,Y=177,Width=9,Height=22}" />
      <Glyph char="236" source="{X=93,Y=177,Width=4,Height=22}" />
      <Glyph char="237" source="{X=99,Y=177,Width=4,Height=22}" />
      <Glyph char="238" source="{X=105,Y=177,Width=4,Height=22}" />
      <Glyph char="239" source="{X=111,Y=177,Width=4,Height=22}" />
      <Glyph char="240" source="{X=117,Y=177,Width=9,Height=22}" />
      <Glyph char="241" source="{X=128,Y=177,Width=9,Height=22}" />
      <Glyph char="242" source="{X=139,Y=177,Width=9,Height=22}" />
      <Glyph char="243" source="{X=150,Y=177,Width=9,Height=22}" />
      <Glyph char="244" source="{X=161,Y=177,Width=9,Height=22}" />
      <Glyph char="245" source="{X=172,Y=177,Width=9,Height=22}" />
      <Glyph char="246" source="{X=183,Y=177,Width=9,Height=22}" />
      <Glyph char="247" source="{X=194,Y=177,Width=9,Height=22}" />
      <Glyph char="248" source="{X=205,Y=177,Width=9,Height=22}" />
      <Glyph char="249" source="{X=216,Y=177,Width=9,Height=22}" />
      <Glyph char="250" source="{X=227,Y=177,Width=9,Height=22}" />
      <Glyph char="251" source="{X=238,Y=177,Width=9,Height=22}" />
      <Glyph char="252" source="{X=1,Y=202,Width=9,Height=22}" />
      <Glyph char="253" source="{X=12,Y=202,Width=8,Height=22}" />
      <Glyph char="254" source="{X=22,Y=202,Width=9,Height=22}" />
      <Glyph char="255" source="{X=33,Y=202,Width=8,Height=22}" />
    </Metrics>
  </BitmapFont>
  <BitmapFont name="Andika-09" image="fonts/Andika-09.png">
    <Metrics>
      <Glyph char="32" source="{X=1,Y=2,Width=3,Height=16}" />
      <Glyph char="33" source="{X=6,Y=2,Width=4,Height=16}" />
      <Glyph char="34" source="{X=12,Y=2,Width=6,Height=16}" />
      <Glyph char="35" source="{X=20,Y=2,Width=7,Height=16}" />
      <Glyph char="36" source="{X=29,Y=2,Width=7,Height=16}" />
      <Glyph char="37" source="{X=38,Y=2,Width=9,Height=16}" />
      <Glyph char="38" source="{X=49,Y=2,Width=7,Height=16}" />
      <Glyph char="39" source="{X=58,Y=2,Width=4,Height=16}" />
      <Glyph char="40" source="{X=64,Y=2,Width=5,Height=16}" />
      <Glyph char="41" source="{X=71,Y=2,Width=5,Height=16}" />
      <Glyph char="42" source="{X=78,Y=2,Width=6,Height=16}" />
      <Glyph char="43" source="{X=86,Y=2,Width=7,Height=16}" />
      <Glyph char="44" source="{X=95,Y=2,Width=4,Height=16}" />
      <Glyph char="45" source="{X=101,Y=2,Width=5,Height=16}" />
      <Glyph char="46" source="{X=108,Y=2,Width=4,Height=16}" />
      <Glyph char="47" source="{X=114,Y=2,Width=6,Height=16}" />
      <Glyph char="48" source="{X=122,Y=2,Width=7,Height=16}" />
      <Glyph char="49" source="{X=131,Y=2,Width=7,Height=16}" />
      <Glyph char="50" source="{X=140,Y=2,Width=7,Height=16}" />
      <Glyph char="51" source="{X=149,Y=2,Width=7,Height=16}" />
      <Glyph char="52" source="{X=158,Y=2,Width=7,Height=16}" />
      <Glyph char="53" source="{X=167,Y=2,Width=7,Height=16}" />
      <Glyph char="54" source="{X=176,Y=2,Width=7,Height=16}" />
      <Glyph char="55" source="{X=185,Y=2,Width=7,Height=16}" />
      <Glyph char="56" source="{X=194,Y=2,Width=7,Height=16}" />
      <Glyph char="57" source="{X=203,Y=2,Width=7,Height=16}" />
      <Glyph char="58" source="{X=212,Y=2,Width=4,Height=16}" />
      <Glyph char="59" source="{X=218,Y=2,Width=4,Height=16}" />
      <Glyph char="60" source="{X=224,Y=2,Width=7,Height=16}" />
      <Glyph char="61" source="{X=233,Y=2,Width=7,Height=16}" />
      <Glyph char="62" source="{X=242,Y=2,Width=7,Height=16}" />
      <Glyph char="63" source="{X=1,Y=21,Width=6,Height=16}" />
      <Glyph char="64" source="{X=9,Y=21,Width=11,Height=16}" />
      <Glyph char="65" source="{X=22,Y=21,Width=8,Height=16}" />
      <Glyph char="66" source="{X=32,Y=21,Width=7,Height=16}" />
      <Glyph char="67" source="{X=41,Y=21,Width=8,Height=16}" />
      <Glyph char="68" source="{X=51,Y=21,Width=8,Height=16}" />
      <Glyph char="69" source="{X=61,Y=21,Width=7,Height=16}" />
      <Glyph char="70" source="{X=70,Y=21,Width=7,Height=16}" />
      <Glyph char="71" source="{X=79,Y=21,Width=8,Height=16}" />
      <Glyph char="72" source="{X=89,Y=21,Width=9,Height=16}" />
      <Glyph char="73" source="{X=100,Y=21,Width=6,Height=16}" />
      <Glyph char="74" source="{X=108,Y=21,Width=6,Height=16}" />
      <Glyph char="75" source="{X=116,Y=21,Width=8,Height=16}" />
      <Glyph char="76" source="{X=126,Y=21,Width=6,Height=16}" />
      <Glyph char="77" source="{X=134,Y=21,Width=11,Height=16}" />
      <Glyph char="78" source="{X=147,Y=21,Width=9,Height=16}" />
      <Glyph char="79" source="{X=158,Y=21,Width=9,Height=16}" />
      <Glyph char="80" source="{X=169,Y=21,Width=7,Height=16}" />
      <Glyph char="81" source="{X=178,Y=21,Width=9,Height=16}" />
      <Glyph char="82" source="{X=189,Y=21,Width=8,Height=16}" />
      <Glyph char="83" source="{X=199,Y=21,Width=7,Height=16}" />
      <Glyph char="84" source="{X=208,Y=21,Width=7,Height=16}" />
      <Glyph char="85" source="{X=217,Y=21,Width=8,Height=16}" />
      <Glyph char="86" source="{X=227,Y=21,Width=8,Height=16}" />
      <Glyph char="87" source="{X=237,Y=21,Width=12,Height=16}" />
      <Glyph char="88" source="{X=1,Y=40,Width=8,Height=16}" />
      <Glyph char="89" source="{X=11,Y=40,Width=8,Height=16}" />
      <Glyph char="90" source="{X=21,Y=40,Width=7,Height=16}" />
      <Glyph char="91" source="{X=30,Y=40,Width=5,Height=16}" />
      <Glyph char="92" source="{X=37,Y=40,Width=6,Height=16}" />
      <Glyph char="93" source="{X=45,Y=40,Width=5,Height=16}" />
      <Glyph char="94" source="{X=52,Y=40,Width=7,Height=16}" />
      <Glyph char="95" source="{X=61,Y=40,Width=7,Height=16}" />
      <Glyph char="96" source="{X=70,Y=40,Width=3,Height=16}" />
      <Glyph char="97" source="{X=75,Y=40,Width=7,Height=16}" />
      <Glyph char="98" source="{X=84,Y=40,Width=7,Height=16}" />
      <Glyph char="99" source="{X=93,Y=40,Width=6,Height=16}" />
      <Glyph char="100" source="{X=101,Y=40,Width=7,Height=16}" />
      <Glyph char="101" source="{X=110,Y=40,Width=6,Height=16}" />
      <Glyph char="102" source="{X=118,Y=40,Width=4,Height=16}" />
      <Glyph char="103" source="{X=124,Y=40,Width=7,Height=16}" />
      <Glyph char="104" source="{X=133,Y=40,Width=7,Height=16}" />
      <Glyph char="105" source="{X=142,Y=40,Width=3,Height=16}" />
      <Glyph char="106" source="{X=147,Y=40,Width=3,Height=16}" />
      <Glyph char="107" source="{X=152,Y=40,Width=6,Height=16}" />
      <Glyph char="108" source="{X=160,Y=40,Width=3,Height=16}" />
      <Glyph char="109" source="{X=165,Y=40,Width=11,Height=16}" />
      <Glyph char="110" source="{X=178,Y=40,Width=7,Height=16}" />
      <Glyph char="111" source="{X=187,Y=40,Width=7,Height=16}" />
      <Glyph char="112" source="{X=196,Y=40,Width=7,Height=16}" />
      <Glyph char="113" source="{X=205,Y=40,Width=7,Height=16}" />
      <Glyph char="114" source="{X=214,Y=40,Width=5,Height=16}" />
      <Glyph char="115" source="{X=221,Y=40,Width=6,Height=16}" />
      <Glyph char="116" source="{X=229,Y=40,Width=5,Height=16}" />
      <Glyph char="117" source="{X=236,Y=40,Width=7,Height=16}" />
      <Glyph char="118" source="{X=245,Y=40,Width=6,Height=16}" />
      <Glyph char="119" source="{X=1,Y=59,Width=9,Height=16}" />
      <Glyph char="120" source="{X=12,Y=59,Width=6,Height=16}" />
      <Glyph char="121" source="{X=20,Y=59,Width=6,Height=16}" />
      <Glyph char="122" source="{X=28,Y=59,Width=6,Height=16}" />
      <Glyph char="123" source="{X=36,Y=59,Width=6,Height=16}" />
      <Glyph char="124" source="{X=44,Y=59,Width=4,Height=16}" />
      <Glyph char="125" source="{X=50,Y=59,Width=6,Height=16}" />
      <Glyph char="126" source="{X=58,Y=59,Width=6,Height=16}" />
      <Glyph char="161" source="{X=66,Y=59,Width=4,Height=16}" />
      <Glyph char="162" source="{X=72,Y=59,Width=7,Height=16}" />
      <Glyph char="163" source="{X=81,Y=59,Width=7,Height=16}" />
      <Glyph char="164" source="{X=90,Y=59,Width=7,Height=16}" />
      <Glyph char="165" source="{X=99,Y=59,Width=7,Height=16}" />
      <Glyph char="166" source="{X=108,Y=59,Width=6,Height=16}" />
      <Glyph char="167" source="{X=116,Y=59,Width=6,Height=16}" />
      <Glyph char="168" source="{X=124,Y=59,Width=4,Height=16}" />
      <Glyph char="169" source="{X=130,Y=59,Width=10,Height=16}" />
      <Glyph char="170" source="{X=142,Y=59,Width=4,Height=16}" />
      <Glyph char="171" source="{X=148,Y=59,Width=8,Height=16}" />
      <Glyph char="172" source="{X=158,Y=59,Width=7,Height=16}" />
      <Glyph char="173" source="{X=167,Y=59,Width=5,Height=16}" />
      <Glyph char="174" source="{X=174,Y=59,Width=10,Height=16}" />
      <Glyph char="175" source="{X=186,Y=59,Width=4,Height=16}" />
      <Glyph char="176" source="{X=192,Y=59,Width=4,Height=16}" />
      <Glyph char="177" source="{X=198,Y=59,Width=7,Height=16}" />
      <Glyph char="178" source="{X=207,Y=59,Width=5,Height=16}" />
      <Glyph char="179" source="{X=214,Y=59,Width=4,Height=16}" />
      <Glyph char="181" source="{X=220,Y=59,Width=7,Height=16}" />
      <Glyph char="182" source="{X=229,Y=59,Width=6,Height=16}" />
      <Glyph char="183" source="{X=237,Y=59,Width=4,Height=16}" />
      <Glyph char="184" source="{X=243,Y=59,Width=3,Height=16}" />
      <Glyph char="185" source="{X=248,Y=59,Width=5,Height=16}" />
      <Glyph char="186" source="{X=1,Y=78,Width=4,Height=16}" />
      <Glyph char="187" source="{X=7,Y=78,Width=8,Height=16}" />
      <Glyph char="188" source="{X=17,Y=78,Width=9,Height=16}" />
      <Glyph char="189" source="{X=28,Y=78,Width=9,Height=16}" />
      <Glyph char="190" source="{X=39,Y=78,Width=9,Height=16}" />
      <Glyph char="191" source="{X=50,Y=78,Width=6,Height=16}" />
      <Glyph char="192" source="{X=58,Y=78,Width=8,Height=16}" />
      <Glyph char="193" source="{X=68,Y=78,Width=8,Height=16}" />
      <Glyph char="194" source="{X=78,Y=78,Width=8,Height=16}" />
      <Glyph char="195" source="{X=88,Y=78,Width=8,Height=16}" />
      <Glyph char="196" source="{X=98,Y=78,Width=8,Height=16}" />
      <Glyph char="197" source="{X=108,Y=78,Width=8,Height=16}" />
      <Glyph char="198" source="{X=118,Y=78,Width=11,Height=16}" />
      <Glyph char="199" source="{X=131,Y=78,Width=8,Height=16}" />
      <Glyph char="200" source="{X=141,Y=78,Width=7,Height=16}" />
      <Glyph char="201" source="{X=150,Y=78,Width=7,Height=16}" />
      <Glyph char="202" source="{X=159,Y=78,Width=7,Height=16}" />
      <Glyph char="203" source="{X=168,Y=78,Width=7,Height=16}" />
      <Glyph char="204" source="{X=177,Y=78,Width=6,Height=16}" />
      <Glyph char="205" source="{X=185,Y=78,Width=6,Height=16}" />
      <Glyph char="206" source="{X=193,Y=78,Width=6,Height=16}" />
      <Glyph char="207" source="{X=201,Y=78,Width=6,Height=16}" />
      <Glyph char="208" source="{X=209,Y=78,Width=8,Height=16}" />
      <Glyph char="209" source="{X=219,Y=78,Width=9,Height=16}" />
      <Glyph char="210" source="{X=230,Y=78,Width=9,Height=16}" />
      <Glyph char="211" source="{X=241,Y=78,Width=9,Height=16}" />
      <Glyph char="212" source="{X=1,Y=97,Width=9,Height=16}" />
      <Glyph char="213" source="{X=12,Y=97,Width=9,Height=16}" />
      <Glyph char="214" source="{X=23,Y=97,Width=9,Height=16}" />
      <Glyph char="215" source="{X=34,Y=97,Width=7,Height=16}" />
      <Glyph char="216" source="{X=43,Y=97,Width=9,Height=16}" />
      <Glyph char="217" source="{X=54,Y=97,Width=8,Height=16}" />
      <Glyph char="218" source="{X=64,Y=97,Width=8,Height=16}" />
      <Glyph char="219" source="{X=74,Y=97,Width=8,Height=16}" />
      <Glyph char="220" source="{X=84,Y=97,Width=8,Height=16}" />
      <Glyph char="221" source="{X=94,Y=97,Width=8,Height=16}" />
      <Glyph char="222" source="{X=104,Y=97,Width=7,Height=16}" />
      <Glyph char="223" source="{X=113,Y=97,Width=8,Height=16}" />
      <Glyph char="224" source="{X=123,Y=97,Width=7,Height=16}" />
      <Glyph char="225" source="{X=132,Y=97,Width=7,Height=16}" />
      <Glyph char="226" source="{X=141,Y=97,Width=7,Height=16}" />
      <Glyph char="227" source="{X=150,Y=97,Width=7,Height=16}" />
      <Glyph char="228" source="{X=159,Y=97,Width=7,Height=16}" />
      <Glyph char="229" source="{X=168,Y=97,Width=7,Height=16}" />
      <Glyph char="230" source="{X=177,Y=97,Width=11,Height=16}" />
      <Glyph char="231" source="{X=190,Y=97,Width=6,Height=16}" />
      <Glyph char="232" source="{X=198,Y=97,Width=6,Height=16}" />
      <Glyph char="233" source="{X=206,Y=97,Width=6,Height=16}" />
      <Glyph char="234" source="{X=214,Y=97,Width=6,Height=16}" />
      <Glyph char="235" source="{X=222,Y=97,Width=6,Height=16}" />
      <Glyph char="236" source="{X=230,Y=97,Width=3,Height=16}" />
      <Glyph char="237" source="{X=235,Y=97,Width=3,Height=16}" />
      <Glyph char="238" source="{X=240,Y=97,Width=3,Height=16}" />
      <Glyph char="239" source="{X=245,Y=97,Width=3,Height=16}" />
      <Glyph char="240" source="{X=1,Y=116,Width=7,Height=16}" />
      <Glyph char="241" source="{X=10,Y=116,Width=7,Height=16}" />
      <Glyph char="242" source="{X=19,Y=116,Width=7,Height=16}" />
      <Glyph char="243" source="{X=28,Y=116,Width=7,Height=16}" />
      <Glyph char="244" source="{X=37,Y=116,Width=7,Height=16}" />
      <Glyph char="245" source="{X=46,Y=116,Width=7,Height=16}" />
      <Glyph char="246" source="{X=55,Y=116,Width=7,Height=16}" />
      <Glyph char="247" source="{X=64,Y=116,Width=7,Height=16}" />
      <Glyph char="248" source="{X=73,Y=116,Width=7,Height=16}" />
      <Glyph char="249" source="{X=82,Y=116,Width=7,Height=16}" />
      <Glyph char="250" source="{X=91,Y=116,Width=7,Height=16}" />
      <Glyph char="251" source="{X=100,Y=116,Width=7,Height=16}" />
      <Glyph char="252" source="{X=109,Y=116,Width=7,Height=16}" />
      <Glyph char="253" source="{X=118,Y=116,Width=6,Height=16}" />
      <Glyph char="254" source="{X=126,Y=116,Width=7,Height=16}" />
      <Glyph char="255" source="{X=135,Y=116,Width=6,Height=16}" />
    </Metrics>
  </BitmapFont>
</AgateResources>
